;fecha;último;apertura;máximo;mínimo;volumen;%var;;
;;;;;;;;;
1556;24.09.2012;8138,4;8165,9;8182,1;8082,9;107.28M;-1,12%;;16276,8
1555;25.09.2012;8175;8125,6;8197,9;8117,5;125.01M;0,45%;;16350
1554;26.09.2012;7854,4;8080,6;8082,5;7840,4;252.68M;-3,92%;;
1553;27.09.2012;7842,3;7896;7914,8;7790,6;145.56M;-0,15%;;
1552;28.09.2012;7708,5;7908,7;7939,2;7678,7;175.96M;-1,71%;;
1551;01.10.2012;7784,1;7712,8;7838,5;7703;156.30M;0,98%;;
1550;02.10.2012;7867,1;7728;7913,7;7710,2;141.83M;1,07%;;
1549;03.10.2012;7826,7;7840,7;7900,8;7802,3;186.84M;-0,51%;;
1548;04.10.2012;7812,8;7866,1;7913,3;7784,4;125.26M;-0,18%;;
1547;05.10.2012;7954,4;7848,4;7972,8;7825,5;142.99M;1,81%;;
1546;08.10.2012;7891;7910,5;7913,1;7855,2;112.26M;-0,80%;;
1545;09.10.2012;7745,4;7893,7;7901,5;7734,9;182.72M;-1,85%;;
1544;10.10.2012;7668;7705,7;7765,1;7664,5;164.97M;-1,00%;;
1543;11.10.2012;7734,7;7615,4;7777,7;7565,5;148.86M;0,87%;;
1542;12.10.2012;7652,4;7724;7791,5;7652,4;112.35M;-1,06%;;
1541;15.10.2012;7678,5;7653,9;7723,4;7624,7;111.71M;0,34%;;
1540;16.10.2012;7940,2;7747;7941,8;7741,6;218.38M;3,41%;;
1539;17.10.2012;8128,2;8005,8;8131,9;7987;279.96M;2,37%;;
1538;18.10.2012;8100,3;8143,8;8156,6;8035,5;189.46M;-0,34%;;
1537;19.10.2012;7913,4;8053,8;8070,6;7880,9;197.26M;-2,31%;;
1536;22.10.2012;7877,1;7911,2;7955,7;7841,5;139.77M;-0,46%;;
1535;23.10.2012;7747,7;7863,9;7886,6;7699,8;153.87M;-1,64%;;
1534;24.10.2012;7791,5;7773,1;7819,7;7653,2;141.52M;0,57%;;
1533;25.10.2012;7779,2;7780,6;7851,3;7766,3;127.76M;-0,16%;;
1532;26.10.2012;7775,6;7708,4;7803,7;7665,6;162.98M;-0,05%;;
1531;29.10.2012;7728,6;7749,4;7779,7;7684,5;122.89M;-0,60%;;
1530;30.10.2012;7833,9;7763,6;7844;7755,9;93.86M;1,36%;;
1529;31.10.2012;7842,9;7831,4;7939,9;7830,9;164.28M;0,11%;;
1528;01.11.2012;7886,4;7807,1;7928,8;7790,3;90.29M;0,55%;;
1527;02.11.2012;7968,9;7905,4;7995,9;7834,6;119.30M;1,05%;;
1526;05.11.2012;7818,6;7891,6;7894,7;7793,3;108.85M;-1,89%;;
1525;06.11.2012;7837,6;7812,3;7868,3;7800,9;112.43M;0,24%;;
1524;07.11.2012;7660,7;7899,7;7918,6;7638,5;190.26M;-2,26%;;
1523;08.11.2012;7624,1;7696,4;7718;7606,4;134.22M;-0,48%;;
1522;09.11.2012;7636,6;7613,3;7674;7496;158.79M;0,16%;;
1521;12.11.2012;7567,8;7632,1;7633,3;7548,1;112.77M;-0,90%;;
1520;13.11.2012;7693,4;7521,9;7715,5;7490,6;179.05M;1,66%;;
1519;14.11.2012;7673;7695,6;7756,5;7642,8;215.13M;-0,27%;;
1518;15.11.2012;7695,5;7615,4;7744,3;7610,4;135.77M;0,29%;;
1517;16.11.2012;7588,2;7694;7725;7588,2;207.28M;-1,39%;;
1516;19.11.2012;7763,8;7661,8;7775,1;7601,7;180.51M;2,31%;;
1515;20.11.2012;7778,7;7722,4;7787,2;7695,5;122.78M;0,19%;;
1514;21.11.2012;7805,4;7751,8;7825,4;7716,8;129.04M;0,34%;;
1513;22.11.2012;7875,6;7828,5;7894,4;7809;137.98M;0,90%;;
1512;23.11.2012;7909,6;7887,2;7915,6;7825,1;142.36M;0,43%;;
1511;26.11.2012;7874,8;7882,8;7893;7842,6;126.45M;-0,44%;;
1510;27.11.2012;7863,7;7936,6;7955,2;7819,7;251.03M;-0,14%;;
1509;28.11.2012;7837,6;7839,4;7854,9;7753,7;242.36M;-0,33%;;
1508;29.11.2012;7973,7;7887,4;7975,5;7883,8;250.04M;1,74%;;
1507;30.11.2012;7934,6;7967,9;7989,6;7922,7;301.08M;-0,49%;;
1506;03.12.2012;7889,2;7963,4;8027,8;7874,1;216.20M;-0,57%;;
1505;04.12.2012;7902,4;7871,9;7945,7;7870,9;135.64M;0,17%;;
1504;05.12.2012;7883,2;7948,5;7976,7;7844,7;210.38M;-0,24%;;
1503;06.12.2012;7910,8;7905,8;7947,8;7841,8;241.41M;0,35%;;
1502;07.12.2012;7848,5;7915,7;7942,6;7813,1;325.54M;-0,79%;;
1501;10.12.2012;7804,4;7796,1;7804,4;7670,8;251.31M;-0,56%;;
1500;11.12.2012;7920,9;7813,6;7927;7806,2;251.45M;1,49%;;
1499;12.12.2012;7986,8;7935,1;7988,3;7927,3;229.13M;0,83%;;
1498;13.12.2012;8017,1;8005,9;8037;7977,3;198.05M;0,38%;;
1497;14.12.2012;8024,1;8025,9;8045,3;8003,6;176.92M;0,09%;;
1496;17.12.2012;8040,3;8017,8;8049,3;7975;183.12M;0,20%;;
1495;18.12.2012;8168,8;8068,6;8171,6;8062,9;295.58M;1,60%;;
1494;19.12.2012;8264,2;8192,3;8322;8185,4;436.32M;1,17%;;
1493;20.12.2012;8264,2;8226,7;8297,9;8216,8;437.33M;0,00%;;
1492;21.12.2012;8291;8223,5;8291;8203,8;620.09M;0,32%;;
1491;24.12.2012;8299,5;8261,6;8304,3;8256;82.70M;0,10%;;
1490;27.12.2012;8280,9;8236,5;8345,4;8231,2;203.33M;-0,22%;;
1489;28.12.2012;8131;8276,6;8308,7;8103,9;253.63M;-1,81%;;
1488;31.12.2012;8167,5;8111,9;8167,5;8041,7;105.48M;0,45%;;
1487;02.01.2013;8447,6;8337,9;8447,6;8286,7;280.53M;3,43%;;
1486;03.01.2013;8403,4;8375;8422,6;8334,3;182.28M;-0,52%;;
1485;04.01.2013;8435,8;8411,7;8447;8386,7;230.12M;0,39%;;
1484;07.01.2013;8419;8434,3;8485,6;8406,3;289.12M;-0,20%;;
1483;08.01.2013;8453;8388,2;8493,5;8374,7;335.52M;0,40%;;
1482;09.01.2013;8606,4;8491,8;8614,2;8485,4;445.02M;1,81%;;
1481;10.01.2013;8618,9;8607,3;8649,3;8548,4;493.39M;0,15%;;
1480;11.01.2013;8664,7;8638;8677,4;8580;252.44M;0,53%;;
1479;14.01.2013;8632,1;8699,2;8721,1;8601,3;250.46M;-0,38%;;
1478;15.01.2013;8601;8549,6;8607,5;8520,6;271.88M;-0,36%;;
1477;16.01.2013;8581,1;8588,9;8604;8525,5;291.65M;-0,23%;;
1476;17.01.2013;8628,9;8568,4;8664,9;8565,9;234.68M;0,56%;;
1475;18.01.2013;8604;8662,3;8679,8;8600,7;305.70M;-0,29%;;
1474;21.01.2013;8665,9;8628,3;8665,9;8608,9;194.48M;0,72%;;
1473;22.01.2013;8632,1;8655;8675,4;8588,5;223.75M;-0,39%;;
1472;23.01.2013;8613,3;8637,9;8650,4;8585,5;229.70M;-0,22%;;
1471;24.01.2013;8665,6;8597,2;8673;8576,4;199.09M;0,61%;;
1470;25.01.2013;8724,6;8642,6;8734,1;8616,3;180.05M;0,68%;;
1469;28.01.2013;8672,5;8755,9;8755,9;8672,5;170.36M;-0,60%;;
1468;29.01.2013;8643;8674,4;8690,9;8606,8;179.38M;-0,34%;;
1467;30.01.2013;8571,9;8647,1;8689,2;8556,1;187.32M;-0,82%;;
1466;31.01.2013;8362,3;8542,5;8543,7;8362,3;306.58M;-2,45%;;
1465;01.02.2013;8229,7;8233,4;8301,3;8159,5;598.10M;-1,59%;;
1464;04.02.2013;7919,6;8225;8227,7;7916,8;395.05M;-3,77%;;
1463;05.02.2013;8093,6;7901,5;8126,8;7895,5;340.04M;2,20%;;
1462;06.02.2013;8056,2;8115,4;8161;8013;323.69M;-0,46%;;
1461;07.02.2013;8014,6;8081,5;8160,1;8005,6;267.89M;-0,52%;;
1460;08.02.2013;8174,9;8025,4;8183,3;8008,7;231.59M;2,00%;;
1459;11.02.2013;8078,6;8181,5;8181,5;8056;176.15M;-1,18%;;
1458;12.02.2013;8234,7;8069;8240,8;8045,1;243.71M;1,93%;;
1457;13.02.2013;8306,2;8257,7;8343,4;8211,9;267.53M;0,87%;;
1456;14.02.2013;8247,4;8272;8328,7;8155,5;264.98M;-0,71%;;
1455;15.02.2013;8150,2;8237,3;8251,2;8150,2;242.67M;-1,18%;;
1454;18.02.2013;8108,9;8110,9;8145,4;8037,3;159.63M;-0,51%;;
1453;19.02.2013;8225,3;8090;8230,8;8087;256.62M;1,44%;;
1452;20.02.2013;8163;8235,1;8274,4;8146,9;174.83M;-0,76%;;
1451;21.02.2013;8014,5;8117,5;8117,6;7982;273.81M;-1,82%;;
1450;22.02.2013;8179;8059,3;8179;8051,1;218.06M;2,05%;;
1449;25.02.2013;8244,5;8232,7;8400,1;8135,2;329.55M;0,80%;;
1448;26.02.2013;7980,7;7943,2;8099,8;7911,1;407.97M;-3,20%;;
1447;27.02.2013;8136,7;8015,9;8136,7;7966,4;290.26M;1,95%;;
1446;28.02.2013;8230,3;8185,8;8252,3;8142,8;351.22M;1,15%;;
1445;01.03.2013;8187,1;8220,5;8285,8;8105,2;335.83M;-0,52%;;
1444;04.03.2013;8246,3;8135,1;8271,7;8129,2;232.94M;0,72%;;
1443;05.03.2013;8423,3;8325,4;8429,5;8313,1;255.57M;2,15%;;
1442;06.03.2013;8358,9;8436,2;8485;8356,3;188.36M;-0,76%;;
1441;07.03.2013;8389,1;8393,4;8454,7;8379,9;176.28M;0,36%;;
1440;08.03.2013;8628,1;8444,1;8638,3;8439,8;328.12M;2,85%;;
1439;11.03.2013;8554,4;8605;8610,2;8495,6;174.80M;-0,85%;;
1438;12.03.2013;8532,3;8529;8598,1;8506,7;186.35M;-0,26%;;
1437;13.03.2013;8498,3;8502,7;8516,7;8434,9;210.77M;-0,40%;;
1436;14.03.2013;8657,9;8532,8;8670,4;8529,6;278.30M;1,88%;;
1435;15.03.2013;8619,1;8645,2;8649,9;8544,5;417.42M;-0,45%;;
1434;18.03.2013;8507,8;8383,2;8527,6;8351,8;265.68M;-1,29%;;
1433;19.03.2013;8321;8499,9;8532,4;8250,5;356.45M;-2,20%;;
1432;20.03.2013;8416,3;8394,3;8494,4;8327;244.36M;1,15%;;
1431;21.03.2013;8351,2;8412,6;8447,8;8260,8;284.51M;-0,77%;;
1430;22.03.2013;8329,5;8321,8;8395,1;8258,9;238.21M;-0,26%;;
1429;25.03.2013;8140,6;8434,6;8461,9;8100,3;363.68M;-2,27%;;
1428;26.03.2013;7990,5;8175,1;8183,7;7968,2;358.73M;-1,84%;;
1427;27.03.2013;7900,4;8038;8040,2;7822,5;478.77M;-1,13%;;
1426;28.03.2013;7920;7892,9;7972;7797,2;274.67M;0,25%;;
1425;02.04.2013;8050,4;7917,6;8059;7888,1;282.00M;1,65%;;
1424;03.04.2013;7904,3;8015,3;8037,6;7880,2;247.91M;-1,81%;;
1423;04.04.2013;7847,9;7966,4;8040,5;7821,7;319.34M;-0,71%;;
1422;05.04.2013;7798,4;7880,4;7935;7716,1;274.02M;-0,63%;;
1421;08.04.2013;7787,1;7809,8;7878,6;7774,4;196.78M;-0,14%;;
1420;09.04.2013;7872,5;7846,6;7897,3;7811,6;234.16M;1,10%;;
1419;10.04.2013;8136,4;7917,6;8179;7910,2;425.65M;3,35%;;
1418;11.04.2013;8159,5;8127,9;8178,9;8063,1;214.75M;0,28%;;
1417;12.04.2013;8040,4;8084,9;8103,4;8011;231.79M;-1,46%;;
1416;15.04.2013;8014,1;8051,7;8093,7;7941,4;233.26M;-0,33%;;
1415;16.04.2013;7948,7;7976,8;8033,7;7934,5;208.22M;-0,82%;;
1414;17.04.2013;7803;7984,7;7992,4;7743,6;308.07M;-1,83%;;
1413;18.04.2013;7812,5;7843,5;7923,9;7764,2;245.64M;0,12%;;
1412;19.04.2013;7915,5;7888;7955,8;7851,1;290.49M;1,32%;;
1411;22.04.2013;8027,7;7983,8;8058,3;7927,6;184.18M;1,42%;;
1410;23.04.2013;8289,3;8046,4;8310,2;8031,5;372.07M;3,26%;;
1409;24.04.2013;8389,3;8300,2;8412,4;8287,5;329.23M;1,21%;;
1408;25.04.2013;8365,1;8360;8388,8;8270,2;251.46M;-0,29%;;
1407;26.04.2013;8297;8323,4;8329,7;8251,5;251.95M;-0,81%;;
1406;29.04.2013;8450,9;8324,7;8463,9;8324,7;305.49M;1,85%;;
1405;30.04.2013;8419;8488,8;8524,2;8397,8;263.76M;-0,38%;;
1404;02.05.2013;8406,4;8393,9;8563,5;8286,6;297.68M;-0,15%;;
1403;03.05.2013;8544,8;8445,7;8566,1;8410,3;250.00M;1,65%;;
1402;06.05.2013;8503,8;8551,2;8553,8;8472,6;111.25M;-0,48%;;
1401;07.05.2013;8544;8541,9;8589,4;8500,1;245.78M;0,47%;;
1400;08.05.2013;8597;8544;8614,5;8500;263.52M;0,62%;;
1399;09.05.2013;8572,7;8597,8;8608;8536,4;240.24M;-0,28%;;
1398;10.05.2013;8544,5;8583;8669,2;8511,7;278.40M;-0,33%;;
1397;13.05.2013;8457,8;8554,2;8574,6;8405;227.58M;-1,01%;;
1396;14.05.2013;8474,6;8481,2;8489,8;8366,7;259.97M;0,20%;;
1395;15.05.2013;8582,5;8464,7;8595,6;8438,6;260.69M;1,27%;;
1394;16.05.2013;8542,3;8569,9;8589,7;8521,9;175.16M;-0,47%;;
1393;17.05.2013;8582,4;8528,1;8590;8518,4;333.37M;0,47%;;
1392;20.05.2013;8515,2;8585,4;8613,8;8445,4;192.35M;-0,78%;;
1391;21.05.2013;8464,5;8500,2;8538;8398,2;216.78M;-0,60%;;
1390;22.05.2013;8462,4;8469,5;8505,5;8381,2;246.35M;-0,02%;;
1389;23.05.2013;8343,6;8267,7;8356,6;8243,5;282.41M;-1,40%;;
1388;24.05.2013;8264,6;8388,8;8394,6;8216,5;189.94M;-0,95%;;
1387;27.05.2013;8363,6;8301,4;8363,6;8297,8;101.41M;1,20%;;
1386;28.05.2013;8511,3;8408,5;8583,6;8398,2;298.98M;1,77%;;
1385;29.05.2013;8441,7;8466,2;8495,8;8424,2;271.57M;-0,82%;;
1384;30.05.2013;8433,5;8404,4;8487,1;8395,2;237.14M;-0,10%;;
1383;31.05.2013;8320,6;8441,4;8441,4;8304,6;306.74M;-1,34%;;
1382;03.06.2013;8284,4;8266,6;8368,6;8191,9;231.56M;-0,44%;;
1381;04.06.2013;8363;8341,4;8418,4;8337,5;204.15M;0,95%;;
1380;05.06.2013;8290,7;8308,4;8430;8283,3;261.98M;-0,86%;;
1379;06.06.2013;8216,7;8308,6;8418,3;8216,7;278.27M;-0,89%;;
1378;07.06.2013;8266,6;8229,2;8308,7;8165,1;297.87M;0,61%;;
1377;10.06.2013;8227,4;8270,8;8321,7;8184,6;276.42M;-0,47%;;
1376;11.06.2013;8089,3;8179,6;8182,5;7980,1;392.86M;-1,68%;;
1375;12.06.2013;8123,8;8068;8245,3;8054,5;276.16M;0,43%;;
1374;13.06.2013;8071,7;8039,5;8098,1;7958,6;291.66M;-0,64%;;
1373;14.06.2013;8070,9;8101,8;8140,6;8053;243.71M;-0,01%;;
1372;17.06.2013;8136,3;8132,7;8194,1;8072,4;221.82M;0,81%;;
1371;18.06.2013;8180,2;8134,4;8211;8099,3;207.78M;0,54%;;
1370;19.06.2013;8098,3;8178,7;8182,1;8079,1;186.34M;-1,00%;;
1369;20.06.2013;7822,1;7973,5;8014;7786,9;320.73M;-3,41%;;
1368;21.06.2013;7700,2;7859,7;7877;7700,1;448.85M;-1,56%;;
1367;24.06.2013;7553,2;7682,1;7734,8;7508,4;273.35M;-1,91%;;
1366;25.06.2013;7607,7;7646;7674,6;7581,3;251.34M;0,72%;;
1365;26.06.2013;7823;7636,6;7848;7588,7;283.59M;2,83%;;
1364;27.06.2013;7844,4;7826,7;7879,6;7709,9;247.00M;0,27%;;
1363;28.06.2013;7762,7;7872,5;7936,9;7724,4;235.24M;-1,04%;;
1362;01.07.2013;7907,1;7817;7946,1;7745,5;217.10M;1,86%;;
1361;02.07.2013;7886,6;7934,5;7934,5;7855,6;247.29M;-0,26%;;
1360;03.07.2013;7763,8;7763,3;7770,6;7612,8;276.48M;-1,56%;;
1359;04.07.2013;8002;7802,4;8035,7;7780,8;242.19M;3,07%;;
1358;05.07.2013;7868,4;7994,6;8030,6;7847;221.46M;-1,67%;;
1357;08.07.2013;8017,6;7922;8068,1;7895,2;231.50M;1,90%;;
1356;09.07.2013;8014,8;8058,1;8111,5;7965,8;188.74M;-0,03%;;
1355;10.07.2013;7995;7975,6;8014,5;7896;165.10M;-0,25%;;
1354;11.07.2013;8030,7;8083,2;8086,6;7980,5;175.15M;0,45%;;
1353;12.07.2013;7844,7;8034,9;8036,5;7800,8;221.68M;-2,32%;;
1352;15.07.2013;7855,1;7832,4;7918,9;7782,6;156.70M;0,13%;;
1351;16.07.2013;7798,2;7868;7891,6;7736,6;189.29M;-0,72%;;
1350;17.07.2013;7812,7;7814;7858,1;7702,7;176.35M;0,19%;;
1349;18.07.2013;7957,3;7789,6;7964,7;7781,5;192.54M;1,85%;;
1348;19.07.2013;7943,2;7938,6;7978,9;7887,5;156.18M;-0,18%;;
1347;22.07.2013;7966;7954,9;8016,9;7917,1;140.79M;0,29%;;
1346;23.07.2013;8073,7;8014,9;8138;8011,9;205.39M;1,35%;;
1345;24.07.2013;8192,5;8120,2;8199,1;8095,2;253.08M;1,47%;;
1344;25.07.2013;8282,1;8198,5;8287,3;8152,3;229.58M;1,09%;;
1343;26.07.2013;8353,6;8307,8;8395,9;8303,2;230.06M;0,86%;;
1342;29.07.2013;8376,1;8374,6;8411,8;8349,1;168.77M;0,27%;;
1341;30.07.2013;8456,5;8402,5;8467,4;8363,3;185.39M;0,96%;;
1340;31.07.2013;8433,4;8440,7;8480,1;8375,9;191.52M;-0,27%;;
1339;01.08.2013;8540,2;8466,3;8543,4;8431,7;194.88M;1,27%;;
1338;02.08.2013;8574;8564,8;8578,3;8489,5;158.46M;0,40%;;
1337;05.08.2013;8560,8;8585,1;8617,3;8549,6;128.49M;-0,15%;;
1336;06.08.2013;8529,5;8567,2;8613,1;8469,9;151.41M;-0,37%;;
1335;07.08.2013;8574,1;8508,1;8577,7;8448;158.51M;0,52%;;
1334;08.08.2013;8671,8;8587,5;8675,5;8581,1;195.76M;1,14%;;
1333;09.08.2013;8735,5;8685,3;8765,7;8628,2;204.53M;0,73%;;
1332;12.08.2013;8717,7;8733,5;8770,2;8692,8;156.53M;-0,20%;;
1331;13.08.2013;8758,5;8737,6;8778,8;8695,5;136.74M;0,47%;;
1330;14.08.2013;8789,3;8763,4;8789,3;8706,8;143.33M;0,35%;;
1329;15.08.2013;8737,6;8777,1;8796,7;8633,9;138.97M;-0,59%;;
1328;16.08.2013;8821,3;8739,3;8828,1;8710,4;206.85M;0,96%;;
1327;19.08.2013;8657,1;8807,8;8818,8;8641,1;170.39M;-1,86%;;
1326;20.08.2013;8502,4;8613,2;8613,2;8422,6;214.21M;-1,79%;;
1325;21.08.2013;8461,8;8526,3;8558;8427;120.91M;-0,48%;;
1324;22.08.2013;8629,7;8485,2;8671,1;8476,2;171.81M;1,98%;;
1323;23.08.2013;8686,8;8655,4;8712,4;8575;128.81M;0,66%;;
1322;26.08.2013;8649,9;8669,6;8717;8590,4;81.29M;-0,42%;;
1321;27.08.2013;8394;8596,5;8643,3;8378,5;208.05M;-2,96%;;
1320;28.08.2013;8398,1;8367,6;8421,9;8275,9;192.42M;0,05%;;
1319;29.08.2013;8432,1;8433,7;8458,1;8354;142.64M;0,40%;;
1318;30.08.2013;8290,5;8406,2;8424,3;8290,5;172.00M;-1,68%;;
1317;02.09.2013;8429,6;8370,2;8476,2;8369,8;155.57M;1,68%;;
1316;03.09.2013;8445,2;8438,5;8513,6;8331,1;142.58M;0,19%;;
1315;04.09.2013;8490,3;8473,3;8517,9;8358,6;159.26M;0,53%;;
1314;05.09.2013;8550;8512,8;8564,1;8473;213.56M;0,70%;;
1313;06.09.2013;8655;8534,3;8678,8;8524;219.66M;1,23%;;
1312;09.09.2013;8632,5;8628,9;8645,2;8568,7;152.84M;-0,26%;;
1311;10.09.2013;8801,6;8698,1;8813,9;8678,3;273.34M;1,96%;;
1310;11.09.2013;8875,2;8789,5;8882,6;8761,4;255.35M;0,84%;;
1309;12.09.2013;8924,2;8878,2;8951,4;8861,6;261.21M;0,55%;;
1308;13.09.2013;8941,6;8901,1;8951,6;8863,7;188.25M;0,19%;;
1307;16.09.2013;8999,5;9017,5;9056,3;8960,3;197.76M;0,65%;;
1306;17.09.2013;8992;8992,5;9005,5;8911,7;177.12M;-0,08%;;
1305;18.09.2013;9062,5;9019,4;9072,4;8995,5;236.02M;0,78%;;
1304;19.09.2013;9153,7;9193,1;9198,7;9096,1;297.74M;1,01%;;
1303;20.09.2013;9171,8;9121,9;9171,8;9118,4;288.15M;0,20%;;
1302;23.09.2013;9109,5;9163,8;9187,8;9057,5;186.87M;-0,68%;;
1301;24.09.2013;9167,6;9109,7;9171,7;9076,4;182.43M;0,64%;;
1300;25.09.2013;9242,9;9154,7;9249,5;9120,1;205.47M;0,82%;;
1299;26.09.2013;9272,4;9253,6;9285,9;9176,4;238.81M;0,32%;;
1298;27.09.2013;9228,4;9283,1;9299,1;9191,6;237.70M;-0,47%;;
1297;30.09.2013;9186,1;9073,2;9199,7;9036,9;204.35M;-0,46%;;
1296;01.10.2013;9341,5;9177,6;9346,9;9173,4;216.83M;1,69%;;
1295;02.10.2013;9350;9315,7;9378,2;9272,9;196.88M;0,09%;;
1294;03.10.2013;9295,7;9367,6;9383,4;9260,4;162.51M;-0,58%;;
1293;04.10.2013;9420,9;9289;9432,7;9267,6;220.14M;1,35%;;
1292;07.10.2013;9381,9;9380,4;9389,2;9321,6;165.53M;-0,41%;;
1291;08.10.2013;9318,9;9388,2;9410,8;9311,3;226.70M;-0,67%;;
1290;09.10.2013;9439;9302,4;9470,8;9295,6;215.02M;1,29%;;
1289;10.10.2013;9660,5;9499,5;9695,1;9485,7;313.98M;2,35%;;
1288;11.10.2013;9668,5;9707,3;9707,3;9624,4;204.91M;0,08%;;
1287;14.10.2013;9696;9631,7;9701;9615,3;161.74M;0,28%;;
1286;15.10.2013;9805,3;9733,6;9805,3;9699,2;250.63M;1,13%;;
1285;16.10.2013;9879;9733,1;9890,7;9724;269.12M;0,75%;;
1284;17.10.2013;9918;9854,9;9918,4;9817,1;231.68M;0,39%;;
1283;18.10.2013;10001,8;9946,6;10002,6;9915,5;234.13M;0,84%;;
1282;21.10.2013;10037,8;10019,6;10063,9;9966;226.98M;0,36%;;
1281;22.10.2013;10012,9;10022,3;10054,9;9992,9;207.25M;-0,25%;;
1280;23.10.2013;9828,3;9960,3;9965,1;9792,3;300.67M;-1,84%;;
1279;24.10.2013;9915,4;9808;9915,4;9808;224.52M;0,89%;;
1278;25.10.2013;9815,5;9856;9887,5;9772,3;240.61M;-1,01%;;
1277;28.10.2013;9736,2;9840;9864;9675;232.99M;-0,81%;;
1276;29.10.2013;9863,9;9699,7;9873;9665,6;256.18M;1,31%;;
1275;30.10.2013;9778,7;9862,9;9980,2;9744,1;240.98M;-0,86%;;
1274;31.10.2013;9907,9;9754,8;9909,9;9739,3;258.12M;1,32%;;
1273;01.11.2013;9838,3;9906,6;9929,1;9816,5;142.50M;-0,70%;;
1272;04.11.2013;9873,8;9873,9;9917,3;9827,3;162.71M;0,36%;;
1271;05.11.2013;9795,7;9916;9923,9;9731,9;222.79M;-0,79%;;
1270;06.11.2013;9837,1;9804,2;9887,4;9781,2;178.25M;0,42%;;
1269;07.11.2013;9740,4;9835,7;10025,9;9712,6;359.24M;-0,98%;;
1268;08.11.2013;9747,2;9684,9;9778,6;9613,6;271.39M;0,07%;;
1267;11.11.2013;9789,5;9757,2;9819,6;9670;123.21M;0,43%;;
1266;12.11.2013;9707,6;9780,1;9824,1;9684,1;181.54M;-0,84%;;
1265;13.11.2013;9675,2;9674,7;9740,8;9615,2;199.52M;-0,33%;;
1264;14.11.2013;9708,7;9769,1;9784,8;9610,4;309.21M;0,35%;;
1263;15.11.2013;9695,9;9716,9;9749,3;9650,4;185.95M;-0,13%;;
1262;18.11.2013;9783,1;9679,6;9853,6;9640,7;200.88M;0,90%;;
1261;19.11.2013;9629,8;9750,1;9751,7;9626,2;180.78M;-1,57%;;
1260;20.11.2013;9559,5;9615;9636,1;9507;228.66M;-0,73%;;
1259;21.11.2013;9599,3;9502,8;9614,5;9467;161.72M;0,42%;;
1258;22.11.2013;9677,4;9622,7;9701,8;9588;183.66M;0,81%;;
1257;25.11.2013;9689,1;9724,5;9753,9;9656,5;171.69M;0,12%;;
1256;26.11.2013;9714,6;9692,2;9743,2;9659,8;263.27M;0,26%;;
1255;27.11.2013;9808,4;9750,2;9828,1;9706,5;173.65M;0,97%;;
1254;28.11.2013;9859,8;9823,1;9892,9;9814,2;155.23M;0,52%;;
1253;29.11.2013;9837,6;9876;9923,3;9824,6;179.88M;-0,23%;;
1252;02.12.2013;9745,5;9838,2;9852,7;9715,6;170.20M;-0,94%;;
1251;03.12.2013;9605;9743,9;9743,9;9605;275.22M;-1,44%;;
1250;04.12.2013;9540,5;9616,6;9654,1;9496,6;189.02M;-0,67%;;
1249;05.12.2013;9392,1;9528,1;9583;9384,7;242.68M;-1,56%;;
1248;06.12.2013;9400,5;9406,2;9418,9;9232,1;247.01M;0,09%;;
1247;09.12.2013;9487,4;9414,4;9499;9389,9;225.52M;0,92%;;
1246;10.12.2013;9438,3;9469,9;9556,1;9418,5;151.93M;-0,52%;;
1245;11.12.2013;9358,7;9453,3;9493,1;9355,1;206.93M;-0,84%;;
1244;12.12.2013;9272,1;9340,5;9370,5;9245,3;183.49M;-0,93%;;
1243;13.12.2013;9272,7;9262,4;9361,2;9242,9;160.21M;0,01%;;
1242;16.12.2013;9429,5;9270,3;9463,8;9264,7;204.90M;1,69%;;
1241;17.12.2013;9343,4;9395;9425,3;9343,4;156.69M;-0,91%;;
1240;18.12.2013;9443,6;9398,2;9456,7;9348,3;190.49M;1,07%;;
1239;19.12.2013;9664,3;9537;9664,3;9535,8;274.06M;2,34%;;
1238;20.12.2013;9689,9;9681,8;9721,9;9623,4;396.90M;0,26%;;
1237;23.12.2013;9758,4;9696,1;9758,4;9650,5;185.89M;0,71%;;
1236;24.12.2013;9819,5;9767,3;9826,4;9756,3;85.83M;0,63%;;
1235;27.12.2013;9900,1;9839,7;9900,1;9826,3;180.13M;0,82%;;
1234;30.12.2013;9901,9;9919,5;9949,8;9864,8;188.24M;0,02%;;
1233;31.12.2013;9916,7;9910,5;9923,3;9881,7;79.59M;0,15%;;
1232;02.01.2014;9760,3;9923,6;9952;9758,4;304.38M;-1,58%;;
1231;03.01.2014;9798;9765;9830,1;9722,5;209.22M;0,39%;;
1230;06.01.2014;9888,5;9768,4;9928,7;9766,4;188.62M;0,92%;;
1229;07.01.2014;10178,7;9912,5;10188,5;9881,9;514.20M;2,93%;;
1228;08.01.2014;10253,6;10190,4;10282;10117,2;479.86M;0,74%;;
1227;09.01.2014;10234,2;10255,7;10383;10186,3;389.29M;-0,19%;;
1226;10.01.2014;10290,6;10293,6;10361,8;10248,8;283.44M;0,55%;;
1225;13.01.2014;10365,5;10336,3;10396;10298,3;347.56M;0,73%;;
1224;14.01.2014;10382;10274,1;10382;10223,1;343.75M;0,16%;;
1223;15.01.2014;10525;10380,8;10529,8;10368,4;381.46M;1,38%;;
1222;16.01.2014;10455,5;10532,2;10552,7;10441,4;331.15M;-0,66%;;
1221;17.01.2014;10465,7;10453,7;10501,8;10393,5;288.50M;0,10%;;
1220;20.01.2014;10454,1;10440;10485,9;10403,5;183.41M;-0,11%;;
1219;21.01.2014;10357,4;10469,8;10510,5;10344,2;239.28M;-0,92%;;
1218;22.01.2014;10279,7;10399,5;10440,5;10241,5;295.36M;-0,75%;;
1217;23.01.2014;10241,2;10254,1;10350,9;10215,8;327.84M;-0,37%;;
1216;24.01.2014;9868,9;10214,7;10240,8;9835,5;531.98M;-3,64%;;
1215;27.01.2014;9758,4;9877;9915,9;9725,7;380.96M;-1,12%;;
1214;28.01.2014;9879,1;9838,7;9922,8;9802,5;298.26M;1,24%;;
1213;29.01.2014;9896,2;9986,1;10054,1;9716,5;368.66M;0,17%;;
1212;30.01.2014;9964,5;9890,7;9995,5;9775,7;311.98M;0,69%;;
1211;31.01.2014;9920,2;9974,4;9993,2;9761,8;343.62M;-0,44%;;
1210;03.02.2014;9725,4;9911,5;9980,1;9712,5;280.16M;-1,96%;;
1209;04.02.2014;9754,3;9684,7;9814,2;9654,8;306.71M;0,30%;;
1208;05.02.2014;9775;9752,4;9837,5;9700,4;267.97M;0,21%;;
1207;06.02.2014;9964,6;9840,7;9983,7;9807,2;393.67M;1,94%;;
1206;07.02.2014;10072,4;9996;10086,7;9910,7;328.60M;1,08%;;
1205;10.02.2014;9982,7;10114,2;10117,8;9943,8;232.43M;-0,89%;;
1204;11.02.2014;10091,2;10044,8;10091,2;9985;313.94M;1,09%;;
1203;12.02.2014;10080,8;10126,1;10151,3;10041,3;371.61M;-0,10%;;
1202;13.02.2014;10098,9;10046,2;10098,9;9950;321.60M;0,18%;;
1201;14.02.2014;10132,8;10111;10184,7;10057,8;240.16M;0,34%;;
1200;17.02.2014;10118,6;10155,1;10181,9;10084,6;167.51M;-0,14%;;
1199;18.02.2014;10042,7;10109,5;10114,5;9988,8;286.23M;-0,75%;;
1198;19.02.2014;10053,8;10021,3;10102,7;9945,9;295.42M;0,11%;;
1197;20.02.2014;10062,2;9945,5;10062,2;9918,5;284.53M;0,08%;;
1196;21.02.2014;10071;10104,1;10108,8;10009,2;227.19M;0,09%;;
1195;24.02.2014;10193,1;10060,2;10193,1;10035,3;238.49M;1,21%;;
1194;25.02.2014;10242,5;10176,1;10242,7;10150,9;239.98M;0,48%;;
1193;26.02.2014;10224,3;10243,9;10269;10191,7;215.46M;-0,18%;;
1192;27.02.2014;10164,1;10213,3;10228,1;10063,9;253.33M;-0,59%;;
1191;28.02.2014;10114,2;10172,4;10174,2;9996,1;439.19M;-0,49%;;
1190;03.03.2014;9878,7;9951,6;9991,6;9855,1;391.42M;-2,33%;;
1189;04.03.2014;10126,7;9991,1;10126,7;9955,2;330.19M;2,51%;;
1188;05.03.2014;10215,2;10104,9;10249,6;10089,1;348.12M;0,87%;;
1187;06.03.2014;10304;10251;10358,9;10247,5;301.32M;0,87%;;
1186;07.03.2014;10164,2;10327,5;10345,3;10147,6;260.26M;-1,36%;;
1185;10.03.2014;10194,6;10151,4;10292;10119,1;329.69M;0,30%;;
1184;11.03.2014;10163,3;10234,9;10245;10137,9;212.30M;-0,31%;;
1183;12.03.2014;10070,4;10128,6;10169;9984,2;263.71M;-0,91%;;
1182;13.03.2014;9950,3;10112,3;10117,8;9950,3;238.53M;-1,19%;;
1181;14.03.2014;9812;9881,4;9944,3;9703,1;469.89M;-1,39%;;
1180;17.03.2014;9975;9822,9;9992,5;9811,2;267.21M;1,66%;;
1179;18.03.2014;10051,4;9975,1;10109,3;9902,8;268.47M;0,77%;;
1178;19.03.2014;10093,3;10085,5;10135,5;10022,8;186.68M;0,42%;;
1177;20.03.2014;10079,9;10008;10085,5;9970,9;253.70M;-0,13%;;
1176;21.03.2014;10053,1;10094,8;10157,5;10042,4;442.91M;-0,27%;;
1175;24.03.2014;9913,1;10061,7;10090;9868,7;282.61M;-1,39%;;
1174;25.03.2014;9990,5;9939,8;10035,2;9885,6;267.19M;0,78%;;
1173;26.03.2014;10140,8;10029;10180,4;9994,1;279.65M;1,50%;;
1172;27.03.2014;10199;10118,2;10204,4;10087,1;255.55M;0,57%;;
1171;28.03.2014;10328,9;10239,8;10341,9;10208,8;263.01M;1,27%;;
1170;31.03.2014;10340,5;10349,6;10420,6;10325,9;339.24M;0,11%;;
1169;01.04.2014;10463,1;10368,1;10487,6;10359,5;310.89M;1,19%;;
1168;02.04.2014;10435,8;10477,8;10503,7;10391,3;237.13M;-0,26%;;
1167;03.04.2014;10584,1;10462,2;10644,4;10451,5;337.37M;1,42%;;
1166;04.04.2014;10677,2;10612,5;10705,1;10572,3;300.10M;0,88%;;
1165;07.04.2014;10606,2;10594,1;10678,2;10561,3;216.04M;-0,66%;;
1164;08.04.2014;10480,5;10611,4;10626,6;10384,1;335.48M;-1,19%;;
1163;09.04.2014;10485,2;10493,4;10571,5;10477,2;241.31M;0,04%;;
1162;10.04.2014;10336,1;10523,7;10536,6;10326,4;335.98M;-1,42%;;
1161;11.04.2014;10205,4;10272,3;10332,1;10091,1;366.86M;-1,26%;;
1160;14.04.2014;10188,2;10097,7;10191,3;9984,3;318.27M;-0,17%;;
1159;15.04.2014;10103,5;10199,8;10247,8;10071,6;253.74M;-0,83%;;
1158;16.04.2014;10267,9;10210,6;10267,9;10179,4;217.02M;1,63%;;
1157;17.04.2014;10292,4;10290,6;10316,2;10184,9;231.00M;0,24%;;
1156;22.04.2014;10437,8;10339,1;10449;10279,7;238.30M;1,41%;;
1155;23.04.2014;10424,4;10439,3;10482,5;10394,9;258.92M;-0,13%;;
1154;24.04.2014;10462;10487;10531,1;10338,7;236.76M;0,36%;;
1153;25.04.2014;10306,2;10398,5;10442,9;10281;191.45M;-1,49%;;
1152;28.04.2014;10320,9;10351,3;10391,3;10247,9;187.97M;0,14%;;
1151;29.04.2014;10461;10348,5;10488,5;10342,6;285.72M;1,36%;;
1150;30.04.2014;10459;10424,7;10500,4;10397,7;280.91M;-0,02%;;
1149;02.05.2014;10474,5;10453,6;10541;10441,3;196.33M;0,15%;;
1148;05.05.2014;10477;10460,2;10502,7;10342,5;208.23M;0,02%;;
1147;06.05.2014;10481,4;10504,9;10549,2;10414,8;224.63M;0,04%;;
1146;07.05.2014;10413,8;10402;10494,5;10371,5;271.54M;-0,64%;;
1145;08.05.2014;10591,2;10448,9;10597,9;10412,5;291.31M;1,70%;;
1144;09.05.2014;10487,2;10573;10592,6;10438,7;324.68M;-0,98%;;
1143;12.05.2014;10567;10512,4;10578,2;10478,2;243.56M;0,76%;;
1142;13.05.2014;10587,2;10587,3;10600,9;10533,4;272.28M;0,19%;;
1141;14.05.2014;10613,9;10602,8;10639,1;10521,6;248.10M;0,25%;;
1140;15.05.2014;10365;10616,5;10665,1;10323,4;409.94M;-2,35%;;
1139;16.05.2014;10478,7;10354,1;10494,9;10282,4;312.92M;1,10%;;
1138;19.05.2014;10425,5;10469,7;10526;10307,3;243.53M;-0,51%;;
1137;20.05.2014;10453,8;10418,4;10479;10401,6;245.81M;0,27%;;
1136;21.05.2014;10531,4;10407,4;10547,5;10364,1;205.71M;0,74%;;
1135;22.05.2014;10520,6;10552,1;10558;10474,9;205.29M;-0,10%;;
1134;23.05.2014;10558,9;10525,5;10576,5;10466;159.88M;0,36%;;
1133;26.05.2014;10687,5;10593,8;10695,5;10576,3;141.44M;1,22%;;
1132;27.05.2014;10714,2;10669,3;10744,8;10659,4;208.49M;0,25%;;
1131;28.05.2014;10757,2;10701,5;10757,2;10672,2;236.69M;0,40%;;
1130;29.05.2014;10734,8;10755,7;10770,3;10665;182.66M;-0,21%;;
1129;30.05.2014;10798,7;10708,1;10803,4;10697,8;319.90M;0,60%;;
1128;02.06.2014;10827,4;10819;10877,4;10800,2;196.10M;0,27%;;
1127;03.06.2014;10776,7;10838,3;10873,6;10744,3;206.17M;-0,47%;;
1126;04.06.2014;10755,6;10756,2;10775,1;10667,2;193.39M;-0,20%;;
1125;05.06.2014;10876,4;10761;10970;10714,2;382.16M;1,12%;;
1124;06.06.2014;11064,3;10917,6;11085,1;10888,4;338.35M;1,73%;;
1123;09.06.2014;11164,1;11089,8;11188,2;11057,7;267.30M;0,90%;;
1122;10.06.2014;11153,5;11136,6;11177,6;11095,6;246.60M;-0,09%;;
1121;11.06.2014;11074,9;11134,4;11167,8;11045,2;211.58M;-0,70%;;
1120;12.06.2014;11088,5;11081,7;11137,3;11046;186.19M;0,12%;;
1119;13.06.2014;11113,7;11079;11134,3;11010;197.26M;0,23%;;
1118;16.06.2014;11008,2;11055;11099,2;10971,7;213.70M;-0,95%;;
1117;17.06.2014;11058,5;11031,1;11093,5;11013;198.94M;0,46%;;
1116;18.06.2014;11112,3;11082,4;11130,8;11052,7;197.07M;0,49%;;
1115;19.06.2014;11187,8;11192,4;11249,4;11158,8;222.99M;0,68%;;
1114;20.06.2014;11155,1;11174,9;11215,8;11142,6;385.51M;-0,29%;;
1113;23.06.2014;11118,3;11163,4;11185,1;11093,9;176.42M;-0,33%;;
1112;24.06.2014;11105,9;11147,6;11168,8;11082,5;183.08M;-0,11%;;
1111;25.06.2014;10966,7;11058,1;11069,5;10890,2;340.43M;-1,25%;;
1110;26.06.2014;10989;11006;11046,4;10910,8;237.04M;0,20%;;
1109;27.06.2014;10959,9;11010,2;11059,8;10924,2;172.85M;-0,26%;;
1108;30.06.2014;10923,5;10975,6;10996,3;10850,6;198.88M;-0,33%;;
1107;01.07.2014;11007,8;10954,5;11007,8;10911,9;271.83M;0,77%;;
1106;02.07.2014;11016,2;11009;11037,5;10955,2;206.19M;0,08%;;
1105;03.07.2014;11090;11001,7;11100,2;10958,1;231.68M;0,67%;;
1104;04.07.2014;11009,4;11082,7;11084;11004,8;151.36M;-0,73%;;
1103;07.07.2014;10888,5;10986;11005,2;10874,5;159.94M;-1,10%;;
1102;08.07.2014;10689,1;10898,7;10920,9;10663;348.81M;-1,83%;;
1101;09.07.2014;10746,9;10736,4;10771;10680,9;264.37M;0,54%;;
1100;10.07.2014;10533,6;10743,6;10743,6;10423,6;378.31M;-1,98%;;
1099;11.07.2014;10538,8;10563,7;10681,5;10489,8;240.40M;0,05%;;
1098;14.07.2014;10606,3;10602,5;10640;10526,6;189.42M;0,64%;;
1097;15.07.2014;10475,9;10545,1;10581,4;10427,7;246.84M;-1,23%;;
1096;16.07.2014;10668,4;10522,2;10680,2;10496,6;225.51M;1,84%;;
1095;17.07.2014;10543,3;10617,6;10643;10507,8;208.17M;-1,17%;;
1094;18.07.2014;10527;10477,5;10527;10425,3;201.07M;-0,15%;;
1093;21.07.2014;10482;10521,7;10530,6;10447,6;156.59M;-0,43%;;
1092;22.07.2014;10648,9;10531;10667,9;10504,7;231.98M;1,59%;;
1091;23.07.2014;10659,1;10624,2;10700;10604,8;213.23M;0,10%;;
1090;24.07.2014;10860,7;10668,3;10860,7;10618,1;335.62M;1,89%;;
1089;25.07.2014;10888,1;10839,6;10941,9;10832,1;273.05M;0,25%;;
1088;28.07.2014;10879,8;10940,5;10963,9;10801,6;200.63M;-0,08%;;
1087;29.07.2014;10901,2;10901,6;10964,3;10854,2;199.82M;0,20%;;
1086;30.07.2014;10937,4;10927,8;11016,1;10888,6;241.84M;0,33%;;
1085;31.07.2014;10707,2;10934,9;10943,9;10663,3;302.66M;-2,10%;;
1084;01.08.2014;10514;10682,8;10701,4;10478,3;297.75M;-1,80%;;
1083;04.08.2014;10496,2;10585,8;10589,4;10463,9;206.95M;-0,17%;;
1082;05.08.2014;10353,8;10524,7;10534,7;10314,4;258.78M;-1,36%;;
1081;06.08.2014;10246,2;10282;10330,3;10121,5;306.36M;-1,04%;;
1080;07.08.2014;10078,6;10235,8;10258,9;10049,9;321.04M;-1,64%;;
1079;08.08.2014;10104,8;9981,2;10183;9946,9;274.09M;0,26%;;
1078;11.08.2014;10193,5;10226,6;10245,7;10148,6;173.37M;0,88%;;
1077;12.08.2014;10241,5;10195,9;10324,1;10161,9;190.72M;0,47%;;
1076;13.08.2014;10304;10304,1;10330,2;10250,5;183.23M;0,61%;;
1075;14.08.2014;10294,8;10274,1;10339,2;10210,7;156.13M;-0,09%;;
1074;15.08.2014;10222,2;10320,8;10417,7;10203,7;197.00M;-0,71%;;
1073;18.08.2014;10353,4;10350,4;10372,2;10284,1;150.18M;1,28%;;
1072;19.08.2014;10386,5;10407,5;10416,6;10367,2;119.98M;0,32%;;
1071;20.08.2014;10420,9;10390,6;10428,1;10338,3;135.51M;0,33%;;
1070;21.08.2014;10556,4;10429,8;10569,3;10386,7;168.28M;1,30%;;
1069;22.08.2014;10500,2;10582,1;10588,7;10436,4;155.28M;-0,53%;;
1068;25.08.2014;10690,1;10607,1;10695,7;10563,6;148.34M;1,81%;;
1067;26.08.2014;10826,9;10672,4;10835,5;10669,4;215.49M;1,28%;;
1066;27.08.2014;10837,4;10821,9;10883,8;10787,4;190.91M;0,10%;;
1065;28.08.2014;10722,2;10808,5;10844,4;10688;179.77M;-1,06%;;
1064;29.08.2014;10728,8;10742,7;10785,3;10614,5;190.47M;0,06%;;
1063;01.09.2014;10746,5;10749,2;10784,1;10693,9;107.65M;0,16%;;
1062;02.09.2014;10755;10768,5;10822,6;10736,4;168.16M;0,08%;;
1061;03.09.2014;10886,8;10799,2;10927,2;10783,4;218.74M;1,23%;;
1060;04.09.2014;11100,1;10853,8;11146,6;10835,4;400.31M;1,96%;;
1059;05.09.2014;11148,9;11085,5;11182;11062,2;269.75M;0,44%;;
1058;08.09.2014;11102,6;11158,4;11163;11043;179.76M;-0,42%;;
1057;09.09.2014;10951,6;11060,2;11080,6;10939,7;204.79M;-1,36%;;
1056;10.09.2014;10937,8;10909,9;10937,8;10821,3;237.81M;-0,13%;;
1055;11.09.2014;10886,3;10951,9;10963,5;10823,9;210.04M;-0,47%;;
1054;12.09.2014;10888,9;10895,7;10930,2;10838,9;153.43M;0,02%;;
1053;15.09.2014;10841,3;10849,8;10894,8;10815,2;156.41M;-0,44%;;
1052;16.09.2014;10798,7;10829,9;10836,7;10737,3;258.02M;-0,39%;;
1051;17.09.2014;10907,4;10855;10939,2;10818,1;246.26M;1,01%;;
1050;18.09.2014;10991;10931,8;11016,5;10899,2;262.36M;0,77%;;
1049;19.09.2014;11001,9;11108,9;11191,8;11001,9;381.04M;0,10%;;
1048;22.09.2014;10947,9;10961,9;11026,5;10930,5;194.77M;-0,49%;;
1047;23.09.2014;10801,8;10918,9;10918,9;10781,2;263.28M;-1,33%;;
1046;24.09.2014;10856,9;10798,9;10860,5;10679,2;256.97M;0,51%;;
1045;25.09.2014;10783,1;10847,8;10948,6;10733,1;276.50M;-0,68%;;
1044;26.09.2014;10851,4;10770,6;10891;10701,2;203.76M;0,63%;;
1043;29.09.2014;10686;10828,2;10852,7;10625,5;241.84M;-1,52%;;
1042;30.09.2014;10825,5;10724,5;10860,1;10714;277.85M;1,31%;;
1041;01.10.2014;10753,2;10793,9;10889,3;10734,6;274.95M;-0,67%;;
1040;02.10.2014;10418,1;10742,5;10769,3;10418,1;406.48M;-3,12%;;
1039;03.10.2014;10567,6;10561;10582;10436,4;239.76M;1,44%;;
1038;06.10.2014;10645,7;10657,6;10728,8;10632,5;198.11M;0,74%;;
1037;07.10.2014;10430,7;10610;10610;10422,1;268.33M;-2,02%;;
1036;08.10.2014;10339;10384,6;10460,9;10320;327.29M;-0,88%;;
1035;09.10.2014;10273,7;10465,3;10470,8;10201;307.92M;-0,63%;;
1034;10.10.2014;10150,5;10186,7;10290,9;10102,4;359.00M;-1,20%;;
1033;13.10.2014;10187,3;10072,4;10274,8;10042,2;239.63M;0,36%;;
1032;14.10.2014;10204,9;10138,1;10236,8;10016,5;300.59M;0,17%;;
1031;15.10.2014;9838,5;10204,7;10225,6;9774,9;448.12M;-3,59%;;
1030;16.10.2014;9669,7;9897,2;9942;9370,5;786.59M;-1,72%;;
1029;17.10.2014;9956,8;9723;9977,4;9651,1;436.59M;2,97%;;
1028;20.10.2014;9915,2;9898,9;9958,9;9802,8;335.39M;-0,42%;;
1027;21.10.2014;10152,1;9893,5;10167,8;9851,5;368.72M;2,39%;;
1026;22.10.2014;10249,9;10169,6;10249,9;10067;335.12M;0,96%;;
1025;23.10.2014;10333,7;10202,7;10359;10127;311.53M;0,82%;;
1024;24.10.2014;10339,3;10299,4;10369;10260,7;278.42M;0,05%;;
1023;27.10.2014;10195,2;10469,4;10474,8;10093,4;383.78M;-1,39%;;
1022;28.10.2014;10394,8;10260,2;10423,4;10248,6;276.85M;1,96%;;
1021;29.10.2014;10247,8;10406;10441,1;10204,8;313.34M;-1,41%;;
1020;30.10.2014;10263,7;10304,6;10340,3;9994,8;358.03M;0,16%;;
1019;31.10.2014;10477,8;10448,4;10513,3;10324,8;401.75M;2,09%;;
1018;03.11.2014;10374,4;10454,3;10508,8;10333,3;285.48M;-0,99%;;
1017;04.11.2014;10154,4;10361;10455,2;10140,5;338.02M;-2,12%;;
1016;05.11.2014;10276,9;10246,6;10310,6;10131,2;312.66M;1,21%;;
1015;06.11.2014;10261,8;10242,7;10463,3;10175,3;372.89M;-0,15%;;
1014;07.11.2014;10126,3;10291;10311,5;10017,5;319.46M;-1,32%;;
1013;10.11.2014;10273;10103,9;10282,4;10052,2;224.42M;1,45%;;
1012;11.11.2014;10338,8;10319,8;10418,4;10296,1;246.12M;0,64%;;
1011;12.11.2014;10157,3;10307;10342,6;10136,4;287.99M;-1,76%;;
1010;13.11.2014;10140,4;10207,6;10252,3;10044,2;288.33M;-0,17%;;
1009;14.11.2014;10148;10192,3;10195,1;10056,8;405.11M;0,07%;;
1008;17.11.2014;10309;10061,1;10336,3;10040,9;355.98M;1,59%;;
1007;18.11.2014;10432,9;10320,1;10466,3;10296,3;318.10M;1,20%;;
1006;19.11.2014;10376,8;10395,8;10451,8;10328,9;335.20M;-0,54%;;
1005;20.11.2014;10209,2;10351,5;10351,5;10132,2;372.10M;-1,62%;;
1004;21.11.2014;10520,8;10225,6;10542,5;10209;432.60M;3,05%;;
1003;24.11.2014;10642,5;10558,7;10715,1;10528,8;361.46M;1,16%;;
1002;25.11.2014;10699,6;10621,9;10792,3;10609,4;448.00M;0,54%;;
1001;26.11.2014;10647;10723,2;10736,4;10610,1;230.99M;-0,49%;;
1000;27.11.2014;10727,6;10660,4;10745,4;10629,1;195.15M;0,76%;;
999;28.11.2014;10770,7;10722,3;10772,2;10656,5;228.44M;0,40%;;
998;01.12.2014;10672,8;10700,6;10757,6;10648,2;231.09M;-0,91%;;
997;02.12.2014;10749,2;10701,1;10763;10653,2;228.19M;0,72%;;
996;03.12.2014;10875,9;10776,1;10903,1;10754,9;285.48M;1,18%;;
995;04.12.2014;10619,9;10902,7;10928,3;10587;397.24M;-2,35%;;
994;05.12.2014;10900,7;10756,4;10906,1;10718,1;335.92M;2,64%;;
993;08.12.2014;10805,2;10864,6;10919,3;10805,2;189.14M;-0,88%;;
992;09.12.2014;10461,6;10704,3;10707,3;10461,2;367.39M;-3,18%;;
991;10.12.2014;10396,9;10536,3;10593,3;10347,2;272.36M;-0,62%;;
990;11.12.2014;10431,8;10397,4;10505,8;10322,7;273.89M;0,34%;;
989;12.12.2014;10145;10358,2;10407,5;10127,5;293.90M;-2,75%;;
988;15.12.2014;9903,9;10149,6;10268,2;9900,3;334.26M;-2,38%;;
987;16.12.2014;10081,9;9954,2;10095,1;9661;563.12M;1,80%;;
986;17.12.2014;10049,5;9990,7;10100,5;9916,9;342.11M;-0,32%;;
985;18.12.2014;10391,3;10218;10391,3;10167,2;417.88M;3,40%;;
984;19.12.2014;10363,6;10483,4;10500,1;10186,7;497.37M;-0,27%;;
983;22.12.2014;10371;10387,5;10458;10294,9;186.41M;0,07%;;
982;23.12.2014;10477,7;10380,2;10477,7;10314,4;161.43M;1,03%;;
981;24.12.2014;10481,8;10456,1;10495,9;10437,8;45.21M;0,04%;;
980;29.12.2014;10394,2;10427,8;10446,3;10216,2;220.89M;-0,84%;;
979;30.12.2014;10279,2;10365,4;10365,4;10269,4;163.93M;-1,11%;;
978;31.12.2014;10279,5;10260,2;10305,8;10253,5;83.61M;0,00%;;
977;02.01.2015;10350,8;10386,7;10440,3;10232,3;220.24M;0,69%;;
976;05.01.2015;9993,3;10267,2;10390,8;9977,8;299.61M;-3,45%;;
975;06.01.2015;9871,1;10040,7;10060,8;9871,1;282.86M;-1,22%;;
974;07.01.2015;9891,4;9937,3;10051,2;9836,4;290.12M;0,21%;;
973;08.01.2015;10115;10053,2;10143;9970,3;320.45M;2,26%;;
972;09.01.2015;9719;10080;10080;9610,1;789.49M;-3,91%;;
971;12.01.2015;9797,5;9805,5;9882,1;9682,1;454.28M;0,81%;;
970;13.01.2015;9966;9762,4;9996,1;9757,3;407.22M;1,72%;;
969;14.01.2015;9846;9801,7;10013,8;9778,9;474.51M;-1,20%;;
968;15.01.2015;9982,5;9953,1;10008,9;9646,4;408.08M;1,39%;;
967;16.01.2015;10038,9;9948,6;10060,2;9882,1;367.66M;0,56%;;
966;19.01.2015;10157,5;10091,3;10193,8;10036,7;253.51M;1,18%;;
965;20.01.2015;10283,9;10194,9;10332,3;10186,7;446.60M;1,24%;;
964;21.01.2015;10335,3;10325;10340,3;10147;367.57M;0,50%;;
963;22.01.2015;10510,6;10382,2;10560,9;10339,6;508.50M;1,70%;;
962;23.01.2015;10581,5;10604,9;10693;10532,4;493.57M;0,67%;;
961;26.01.2015;10696,1;10502,6;10716,9;10451;309.10M;1,08%;;
960;27.01.2015;10598,9;10669,5;10707,1;10528,1;322.88M;-0,91%;;
959;28.01.2015;10456,9;10676,6;10687;10395,6;366.62M;-1,34%;;
958;29.01.2015;10507,6;10391,2;10513,1;10320,8;336.72M;0,48%;;
957;30.01.2015;10403,3;10562,6;10581,6;10336,1;418.61M;-0,99%;;
956;02.02.2015;10328,1;10396,6;10401;10136,4;443.72M;-0,72%;;
955;03.02.2015;10598,2;10426,8;10634,2;10414,6;446.42M;2,62%;;
954;04.02.2015;10577,8;10620,9;10688;10497,4;386.83M;-0,19%;;
953;05.02.2015;10535,5;10451,7;10535,5;10388,9;301.15M;-0,40%;;
952;06.02.2015;10573,1;10547,1;10606,8;10497,5;278.01M;0,36%;;
951;09.02.2015;10364,9;10467,8;10473,3;10289,7;290.05M;-1,97%;;
950;10.02.2015;10500,1;10389,8;10561,4;10338,6;275.83M;1,30%;;
949;11.02.2015;10364,8;10496,1;10516,5;10342,8;237.22M;-1,29%;;
948;12.02.2015;10562,2;10349,6;10607,1;10328,5;328.00M;1,90%;;
947;13.02.2015;10739,5;10618,5;10794,9;10606,7;427.94M;1,68%;;
946;16.02.2015;10689,5;10717,8;10793,1;10679,9;220.58M;-0,47%;;
945;17.02.2015;10698;10591,6;10730,1;10526,6;272.47M;0,08%;;
944;18.02.2015;10805,3;10764,6;10852,6;10764,1;298.37M;1,00%;;
943;19.02.2015;10910,4;10781;10918,4;10726,3;350.26M;0,97%;;
942;20.02.2015;10879,3;10889,8;10916,8;10759;336.30M;-0,29%;;
941;23.02.2015;10990,1;11001,3;11015,4;10935,1;272.02M;1,02%;;
940;24.02.2015;11064,5;11027,7;11082,7;10951,1;297.63M;0,68%;;
939;25.02.2015;11049,5;11027,9;11072,5;11011,7;255.50M;-0,14%;;
938;26.02.2015;11139,5;11023,3;11145,9;11014,4;271.21M;0,81%;;
937;27.02.2015;11178,3;11142,9;11184,5;11070,8;412.54M;0,35%;;
936;02.03.2015;11178,5;11190,5;11239,8;11123,3;312.32M;0,00%;;
935;03.03.2015;11014,7;11197,6;11212,8;11001,7;246.88M;-1,47%;;
934;04.03.2015;11051,3;11048,1;11079,3;10921,4;253.27M;0,33%;;
933;05.03.2015;11124,4;11078,1;11154,3;11039,2;260.66M;0,66%;;
932;06.03.2015;11091,9;11144,5;11158,9;11070,2;272.19M;-0,29%;;
931;09.03.2015;11054,2;11007,9;11078,8;10962,4;221.02M;-0,34%;;
930;10.03.2015;10902,2;11060,5;11081,2;10858,4;299.03M;-1,38%;;
929;11.03.2015;11021,8;10950,3;11048,2;10908;265.92M;1,10%;;
928;12.03.2015;11011,8;11022,9;11068;10993,1;439.29M;-0,09%;;
927;13.03.2015;11033,8;11072,9;11077,7;10993,5;253.11M;0,20%;;
926;16.03.2015;11114,7;11082,4;11146,7;11077,4;292.85M;0,73%;;
925;17.03.2015;11028,1;11117,5;11129;10953,7;260.65M;-0,78%;;
924;18.03.2015;11050;11057,4;11076;10957,7;295.71M;0,20%;;
923;19.03.2015;11091;11062,9;11146,5;11040,2;259.18M;0,37%;;
922;20.03.2015;11419,6;11109,8;11458,3;11090,2;618.65M;2,96%;;
921;23.03.2015;11452,8;11394;11465,4;11364,3;328.74M;0,29%;;
920;24.03.2015;11579,3;11428,5;11618,3;11409,9;331.91M;1,10%;;
919;25.03.2015;11464,7;11560,7;11591,7;11449,3;252.13M;-0,99%;;
918;26.03.2015;11453,8;11400,4;11453,8;11294,7;308.56M;-0,10%;;
917;27.03.2015;11427,4;11469,7;11524,2;11403,9;310.09M;-0,23%;;
916;30.03.2015;11529,1;11459,8;11543,2;11432,3;304.32M;0,89%;;
915;31.03.2015;11521,1;11510,8;11596,1;11444,6;336.27M;-0,07%;;
914;01.04.2015;11569,8;11482;11662,8;11454,3;305.80M;0,42%;;
913;02.04.2015;11634;11583,6;11649,9;11559,2;205.81M;0,55%;;
912;07.04.2015;11730,5;11715,6;11771,8;11669,3;366.06M;0,83%;;
911;08.04.2015;11655,5;11738,4;11771,4;11615,8;301.55M;-0,64%;;
910;09.04.2015;11734,6;11688,4;11747,3;11655,2;299.82M;0,68%;;
909;10.04.2015;11749,3;11755,3;11778;11679,2;336.79M;0,13%;;
908;13.04.2015;11866,4;11761,7;11884,6;11760,8;229.31M;1,00%;;
907;14.04.2015;11704,7;11798,5;11862,6;11645,6;377.82M;-1,36%;;
906;15.04.2015;11778,4;11742,4;11815,6;11710,4;292.62M;0,63%;;
905;16.04.2015;11611,7;11772,3;11772,3;11580,3;287.02M;-1,42%;;
904;17.04.2015;11359,4;11565,5;11598;11299,9;465.82M;-2,17%;;
903;20.04.2015;11384,6;11400,2;11418,8;11306,4;209.41M;0,22%;;
902;21.04.2015;11422,3;11439;11504;11368,2;337.59M;0,33%;;
901;22.04.2015;11399,2;11452,2;11480,4;11276,3;306.27M;-0,20%;;
900;23.04.2015;11425,8;11417,5;11461,1;11291,3;244.09M;0,23%;;
899;24.04.2015;11505,4;11469,6;11605,5;11434,6;340.44M;0,70%;;
898;27.04.2015;11640,2;11532;11679,8;11365,5;310.81M;1,17%;;
897;28.04.2015;11607,7;11656;11684,6;11543;280.72M;-0,28%;;
896;29.04.2015;11378,9;11619;11651,9;11371,5;310.36M;-1,97%;;
895;30.04.2015;11385;11351,1;11469,2;11258;386.58M;0,05%;;
894;04.05.2015;11429,1;11377,1;11501,8;11280,5;224.66M;0,39%;;
893;05.05.2015;11115,6;11416,4;11503,9;11102,9;319.65M;-2,74%;;
892;06.05.2015;11163,6;11100,4;11232,8;11048,3;275.55M;0,43%;;
891;07.05.2015;11180,3;11125,1;11214,8;10928,2;322.77M;0,15%;;
890;08.05.2015;11424,7;11260,8;11424,7;11212,9;309.36M;2,19%;;
889;11.05.2015;11445,8;11433,7;11481,6;11377,7;198.98M;0,18%;;
888;12.05.2015;11322,6;11332;11354;11221,5;292.90M;-1,08%;;
887;13.05.2015;11324,6;11366;11430,9;11282,4;249.28M;0,02%;;
886;14.05.2015;11398,7;11304,6;11428,3;11203,9;211.84M;0,65%;;
885;15.05.2015;11317,3;11438,8;11438,8;11265,9;230.82M;-0,71%;;
884;18.05.2015;11345;11336,8;11368;11203,1;234.03M;0,24%;;
883;19.05.2015;11497,7;11406,1;11537,8;11404;282.09M;1,35%;;
882;20.05.2015;11574,1;11505,1;11588,7;11460,6;192.41M;0,66%;;
881;21.05.2015;11595,4;11517,9;11595,4;11515,7;185.43M;0,18%;;
880;22.05.2015;11554,2;11594,7;11609,9;11533,7;168.22M;-0,36%;;
879;25.05.2015;11322,3;11421,2;11455,3;11262,1;156.48M;-2,01%;;
878;26.05.2015;11240,3;11297,1;11344,7;11169,4;315.13M;-0,72%;;
877;27.05.2015;11431,1;11281,7;11467,8;11247,2;241.03M;1,70%;;
876;28.05.2015;11382,8;11387,9;11450,7;11291,9;191.89M;-0,42%;;
875;29.05.2015;11217,6;11375,6;11402,7;11192,1;327.77M;-1,45%;;
874;01.06.2015;11238,1;11264,8;11343,2;11180,5;194.25M;0,18%;;
873;02.06.2015;11271,4;11314,5;11369,1;11151,3;232.39M;0,30%;;
872;03.06.2015;11267,6;11302,9;11361,8;11201,1;227.42M;-0,03%;;
871;04.06.2015;11146,1;11201,2;11292,7;11070;239.54M;-1,08%;;
870;05.06.2015;11062;11061,5;11127,9;10984,1;227.46M;-0,75%;;
869;08.06.2015;10917,3;11022,8;11056,1;10917,3;205.93M;-1,31%;;
868;09.06.2015;10938,1;10895;10945;10750;295.30M;0,19%;;
867;10.06.2015;11097,5;10879,9;11138,4;10854,4;241.56M;1,46%;;
866;11.06.2015;11156,7;11097,6;11231,3;11085,1;243.78M;0,53%;;
865;12.06.2015;11030,5;11124,5;11159,3;10932,6;215.49M;-1,13%;;
864;15.06.2015;10842,1;10893,6;10939,9;10775,6;223.28M;-1,71%;;
863;16.06.2015;10871,4;10766;10895,5;10659,7;241.07M;0,27%;;
862;17.06.2015;10813,4;10900;10933,9;10779,5;189.36M;-0,53%;;
861;18.06.2015;10871,9;10788,5;10888,4;10654,3;309.14M;0,54%;;
860;19.06.2015;10944,3;10890,7;11029,1;10880,8;354.74M;0,67%;;
859;22.06.2015;11368,2;11184,5;11394,2;11168,9;353.60M;3,87%;;
858;23.06.2015;11402,5;11461,5;11497,1;11384,5;271.93M;0,30%;;
857;24.06.2015;11321,9;11419;11420,1;11220,4;272.69M;-0,71%;;
856;25.06.2015;11308,4;11245;11441,3;11213,1;294.85M;-0,12%;;
855;26.06.2015;11372,3;11238,7;11434,8;11199,9;217.13M;0,57%;;
854;29.06.2015;10853,9;11148,4;11202,6;10816,4;463.51M;-4,56%;;
853;30.06.2015;10769,5;10811,6;10954,5;10723,2;369.23M;-0,78%;;
852;01.07.2015;10911,5;10857,7;11036,9;10784,3;310.65M;1,32%;;
851;02.07.2015;10846,4;10932;10960,7;10835,5;209.13M;-0,60%;;
850;03.07.2015;10779,8;10835,7;10860,7;10730;197.29M;-0,61%;;
849;06.07.2015;10540,1;10571,8;10653,7;10496;353.56M;-2,22%;;
848;07.07.2015;10346;10554,9;10588,5;10332,1;325.14M;-1,84%;;
847;08.07.2015;10430,3;10364,7;10478,7;10316,4;320.30M;0,81%;;
846;09.07.2015;10706,4;10479,4;10761,1;10463,6;306.82M;2,65%;;
845;10.07.2015;11036,1;10958,2;11069,8;10896,9;358.66M;3,08%;;
844;13.07.2015;11224,2;11178,2;11253,5;11121,8;306.04M;1,70%;;
843;14.07.2015;11258,3;11220,1;11258,3;11140,8;302.65M;0,30%;;
842;15.07.2015;11335,7;11262;11360,4;11234,3;208.08M;0,69%;;
841;16.07.2015;11510,6;11405,2;11536,3;11398,6;282.71M;1,54%;;
840;17.07.2015;11480,7;11551;11551;11472,6;229.03M;-0,26%;;
839;20.07.2015;11556,1;11506,9;11612,6;11499,4;178.80M;0,66%;;
838;21.07.2015;11458,6;11571,9;11579,7;11432,1;222.07M;-0,84%;;
837;22.07.2015;11484,3;11389,2;11525,4;11365,5;261.18M;0,22%;;
836;23.07.2015;11441,9;11552;11553,6;11429,4;229.34M;-0,37%;;
835;24.07.2015;11309,3;11415,4;11460,3;11300,9;339.31M;-1,16%;;
834;27.07.2015;11145,4;11252,7;11264,2;11136,7;334.76M;-1,45%;;
833;28.07.2015;11252,4;11179,5;11294;11168,1;224.45M;0,96%;;
832;29.07.2015;11282,9;11310;11325,6;11185,8;218.99M;0,27%;;
831;30.07.2015;11168,6;11347,7;11362,4;11117,6;292.61M;-1,01%;;
830;31.07.2015;11180,7;11198,4;11200,9;11039,5;278.12M;0,11%;;
829;03.08.2015;11265,9;11180,6;11288,5;11141,2;278.42M;0,76%;;
828;04.08.2015;11150,5;11240,3;11244,8;11098,5;409.88M;-1,02%;;
827;05.08.2015;11279,5;11195;11302,9;11184,7;255.67M;1,16%;;
826;06.08.2015;11253,6;11263,6;11327;11239,4;209.27M;-0,23%;;
825;07.08.2015;11178,2;11244,9;11264;11176,8;202.37M;-0,67%;;
824;10.08.2015;11311,7;11239,5;11330;11129,3;174.26M;1,19%;;
823;11.08.2015;11152,3;11278,5;11319,1;11137,8;231.92M;-1,41%;;
822;12.08.2015;10880,1;11054,4;11054,4;10840,3;308.27M;-2,44%;;
821;13.08.2015;10947,9;11030,8;11057,1;10938,5;213.80M;0,62%;;
820;14.08.2015;10879,3;10952,4;11034,3;10851,6;221.08M;-0,63%;;
819;17.08.2015;10900,3;10983,1;11023,3;10774,4;202.50M;0,19%;;
818;18.08.2015;10897,9;10878;10952,2;10846,1;167.05M;-0,02%;;
817;19.08.2015;10782,4;10843,7;10905,3;10776,8;229.36M;-1,06%;;
816;20.08.2015;10587;10748,2;10797,5;10564,8;292.08M;-1,81%;;
815;21.08.2015;10271,7;10434,4;10576,2;10270,2;336.67M;-2,98%;;
814;24.08.2015;9756,6;9973,7;10078;9502,4;637.10M;-5,01%;;
813;25.08.2015;10115,4;9880,4;10168,1;9819,9;448.31M;3,68%;;
812;26.08.2015;9984,5;10005,8;10132,9;9875,4;345.70M;-1,29%;;
811;27.08.2015;10290,2;10229,6;10357,3;10176,2;332.91M;3,06%;;
810;28.08.2015;10352,9;10322,7;10352,9;10235,7;202.08M;0,61%;;
809;31.08.2015;10259;10297,2;10319,1;10190,4;184.68M;-0,91%;;
808;01.09.2015;9992,8;10136,1;10148,5;9921,1;286.17M;-2,59%;;
807;02.09.2015;9938,3;10009,7;10071,1;9855,8;278.09M;-0,55%;;
806;03.09.2015;10042,4;10023,8;10118,7;9945,9;311.83M;1,05%;;
805;04.09.2015;9821,8;9947;9950,8;9737,9;325.76M;-2,20%;;
804;07.09.2015;9805,4;9893,5;9931,8;9796,6;170.28M;-0,17%;;
803;08.09.2015;9866,2;9860,3;9987,7;9857,6;222.43M;0,62%;;
802;09.09.2015;10037,8;10078,8;10193;10031,1;263.82M;1,74%;;
801;10.09.2015;9859;9929,2;9989,7;9840;260.44M;-1,78%;;
800;11.09.2015;9737,9;9877;9886;9722,7;261.36M;-1,23%;;
799;14.09.2015;9696,4;9764,8;9836,9;9685,6;213.98M;-0,43%;;
798;15.09.2015;9782,5;9708,3;9834,8;9620,7;275.76M;0,89%;;
797;16.09.2015;9976,8;9869,5;9983;9843;286.87M;1,99%;;
796;17.09.2015;10106,6;10015;10141,8;9988,9;344.89M;1,30%;;
795;18.09.2015;9847,2;10048,6;10050,3;9801,7;557.11M;-2,57%;;
794;21.09.2015;9856,8;9826,1;9952;9820,3;220.60M;0,10%;;
793;22.09.2015;9550,2;9856,1;9857,8;9528,2;335.15M;-3,11%;;
792;23.09.2015;9474,6;9529;9659,1;9463,9;386.54M;-0,79%;;
791;24.09.2015;9291,4;9492,1;9540,2;9231,3;405.85M;-1,93%;;
790;25.09.2015;9519,5;9444,2;9575,3;9430,2;317.51M;2,45%;;
789;28.09.2015;9394,2;9500,9;9598,6;9357,4;284.12M;-1,32%;;
788;29.09.2015;9393,9;9280,4;9514,4;9264,4;303.21M;0,00%;;
787;30.09.2015;9559,9;9580,6;9606,3;9491,1;277.07M;1,77%;;
786;01.10.2015;9567,3;9668,9;9718;9543,8;273.44M;0,08%;;
785;02.10.2015;9603,6;9650,4;9688,1;9428,8;280.40M;0,38%;;
784;05.10.2015;9971,3;9777,3;9980,9;9731,5;332.67M;3,83%;;
783;06.10.2015;10103,3;9996,5;10138,2;9909,5;281.16M;1,32%;;
782;07.10.2015;10170;10176,1;10289,8;10119,9;369.63M;0,66%;;
781;08.10.2015;10181,2;10137,8;10190,3;10063,2;300.04M;0,11%;;
780;09.10.2015;10309,6;10279,1;10354,1;10224,9;365.52M;1,26%;;
779;12.10.2015;10246,4;10318,8;10379;10208,5;222.78M;-0,61%;;
778;13.10.2015;10115,3;10227,4;10229,3;10049,8;259.78M;-1,28%;;
777;14.10.2015;10037,6;10065,4;10129;9992,4;253.69M;-0,77%;;
776;15.10.2015;10101,7;10132,1;10132,7;10055,1;239.30M;0,64%;;
775;16.10.2015;10231,5;10174,9;10244;10153,1;246.08M;1,28%;;
774;19.10.2015;10207,3;10221,5;10310,4;10164,7;186.38M;-0,24%;;
773;20.10.2015;10100,6;10196,8;10217;10055,1;218.59M;-1,05%;;
772;21.10.2015;10157,5;10126,1;10188,3;10004;208.28M;0,56%;;
771;22.10.2015;10365,4;10130,1;10402,5;10109,5;272.76M;2,05%;;
770;23.10.2015;10476,3;10449,7;10591,9;10418,2;344.63M;1,07%;;
769;26.10.2015;10478,3;10473,9;10517,6;10408,6;248.74M;0,02%;;
768;27.10.2015;10322,4;10458,2;10458,2;10300,7;243.68M;-1,49%;;
767;28.10.2015;10421,9;10321;10440,1;10296,8;218.57M;0,96%;;
766;29.10.2015;10397,2;10451,8;10455,2;10298,1;254.88M;-0,24%;;
765;30.10.2015;10360,7;10394,2;10405,7;10258,7;294.54M;-0,35%;;
764;02.11.2015;10418,2;10279,3;10463,5;10259,1;265.78M;0,55%;;
763;03.11.2015;10465,2;10398,6;10465,2;10375,4;284.75M;0,45%;;
762;04.11.2015;10473,5;10524,8;10631,6;10454;308.33M;0,08%;;
761;05.11.2015;10431,2;10483,9;10552,7;10385;252.12M;-0,40%;;
760;06.11.2015;10453,2;10425,8;10500,3;10318,5;300.13M;0,21%;;
759;09.11.2015;10325,2;10451,6;10476,9;10322,9;260.46M;-1,22%;;
758;10.11.2015;10336,8;10364;10376,3;10244,3;213.29M;0,11%;;
757;11.11.2015;10377,2;10345,1;10463,1;10344,2;205.12M;0,39%;;
756;12.11.2015;10144;10350,6;10369;10113,4;276.46M;-2,25%;;
755;13.11.2015;10111,4;10118,3;10201,2;10012,3;229.55M;-0,32%;;
754;16.11.2015;10124,5;10012,4;10158,1;10005,2;172.14M;0,13%;;
753;17.11.2015;10363,8;10214,6;10376;10199,6;246.06M;2,36%;;
752;18.11.2015;10261,1;10284;10307,4;10226,5;257.18M;-0,99%;;
751;19.11.2015;10354,7;10340,5;10408,4;10325,7;272.12M;0,91%;;
750;20.11.2015;10290,3;10373,2;10385;10247,6;231.93M;-0,62%;;
749;23.11.2015;10277,4;10262,3;10307,7;10206,8;184.51M;-0,13%;;
748;24.11.2015;10207,2;10231,3;10231,3;10045,6;219.02M;-0,68%;;
747;25.11.2015;10227,3;10184,2;10247,1;10083,1;418.78M;0,20%;;
746;26.11.2015;10332,3;10217,3;10352,9;10174,8;268.32M;1,03%;;
745;27.11.2015;10310,7;10285,8;10390,7;10264,5;200.14M;-0,21%;;
744;30.11.2015;10386,9;10299;10430,3;10275,9;258.60M;0,74%;;
743;01.12.2015;10379,2;10409,9;10469,2;10344,9;208.11M;-0,07%;;
742;02.12.2015;10342;10411,9;10447;10323,5;233.40M;-0,36%;;
741;03.12.2015;10092,9;10353,4;10476,6;10083,3;355.47M;-2,41%;;
740;04.12.2015;10078,7;10046,1;10131,5;9931,1;289.63M;-0,14%;;
739;07.12.2015;10042,4;10139;10158,2;10021,9;219.57M;-0,36%;;
738;08.12.2015;9837,1;10029;10031,2;9790,4;221.18M;-2,04%;;
737;09.12.2015;9835,5;9865,3;9932,1;9713,2;250.83M;-0,02%;;
736;10.12.2015;9778,7;9779,4;9872,5;9719,4;258.20M;-0,58%;;
735;11.12.2015;9630,7;9772,9;9791,6;9606,8;263.24M;-1,51%;;
734;14.12.2015;9428,5;9658;9732,1;9428,5;273.72M;-2,10%;;
733;15.12.2015;9711,6;9496,3;9747,5;9492,5;302.45M;3,00%;;
732;16.12.2015;9711;9762,5;9817,4;9635,7;342.15M;-0,01%;;
731;17.12.2015;9878,5;9909,1;10000,4;9850,9;324.20M;1,72%;;
730;18.12.2015;9717,1;9794,1;9874,2;9644,9;408.98M;-1,63%;;
729;21.12.2015;9365,8;9520,5;9558,2;9365,8;356.51M;-3,62%;;
728;22.12.2015;9415,6;9451,8;9456,3;9351,8;220.11M;0,53%;;
727;23.12.2015;9641;9505,6;9661,9;9503,9;236.26M;2,39%;;
726;24.12.2015;9682,9;9663;9706,2;9653,1;70.62M;0,43%;;
725;28.12.2015;9552,5;9675,6;9724,9;9533;137.89M;-1,35%;;
724;29.12.2015;9670,4;9611,7;9677,7;9606,4;147.77M;1,23%;;
723;30.12.2015;9641,9;9650;9696,4;9607,9;141.29M;-0,29%;;
722;31.12.2015;9544,2;9604,2;9615,6;9538,8;79.92M;-1,01%;;
721;04.01.2016;9313,2;9429,8;9440,9;9263,7;279.17M;-2,42%;;
720;05.01.2016;9335,2;9431,5;9446,2;9260,2;208.64M;0,24%;;
719;06.01.2016;9197,4;9330,3;9330,3;9122,6;288.66M;-1,48%;;
718;07.01.2016;9059,3;8973,8;9103;8889,7;395.76M;-1,50%;;
717;08.01.2016;8909,2;9093,3;9138;8909,2;310.72M;-1,66%;;
716;10.01.2016;8909,2;8909,2;8909,2;8909,2;-;0,00%;;
715;11.01.2016;8886,1;8849,9;9022;8835,1;301.41M;-0,26%;;
714;12.01.2016;8915,4;8867,9;9041,5;8818,9;297.58M;0,33%;;
713;13.01.2016;8934,5;8998,5;9074;8877,9;300.80M;0,21%;;
712;14.01.2016;8787,7;8852,5;8854,5;8662,2;329.17M;-1,64%;;
711;15.01.2016;8543,6;8769,4;8796,4;8491,9;458.71M;-2,78%;;
710;18.01.2016;8469,3;8525,5;8627,1;8427,3;281.06M;-0,87%;;
709;19.01.2016;8554,9;8624,3;8656,9;8527,5;298.45M;1,01%;;
708;20.01.2016;8281,4;8390,2;8398,4;8206;371.17M;-3,20%;;
707;21.01.2016;8444,2;8311,8;8502,5;8277,1;358.23M;1,97%;;
706;22.01.2016;8722,9;8638;8795,7;8565,7;374.44M;3,30%;;
705;25.01.2016;8567,7;8763,2;8763,2;8525,9;263.31M;-1,78%;;
704;26.01.2016;8692,5;8426,1;8698;8402,3;422.23M;1,46%;;
703;27.01.2016;8741;8676,1;8741;8608,9;225.52M;0,56%;;
702;28.01.2016;8590,6;8697,8;8811,4;8516,8;354.36M;-1,72%;;
701;29.01.2016;8815,8;8728,2;8815,8;8671,6;402.07M;2,62%;;
700;01.02.2016;8788,5;8849,3;8896,5;8718,4;320.61M;-0,31%;;
699;02.02.2016;8528,7;8768;8772,5;8478,5;385.37M;-2,96%;;
698;03.02.2016;8314,5;8510,3;8519,7;8180,4;432.08M;-2,51%;;
697;04.02.2016;8468,1;8437,1;8521,7;8287;375.80M;1,85%;;
696;05.02.2016;8499,5;8477,1;8615;8411,3;412.59M;0,37%;;
695;08.02.2016;8122,1;8537,9;8540,9;8083,4;352.12M;-4,44%;;
694;09.02.2016;7927,6;8129;8212,6;7862;484.32M;-2,39%;;
693;10.02.2016;8143,7;8013,8;8249,8;7920,9;386.48M;2,73%;;
692;11.02.2016;7746,3;8047,3;8047,3;7746,3;461.01M;-4,88%;;
691;12.02.2016;7920,8;7849,9;7920,8;7771,2;385.25M;2,25%;;
690;15.02.2016;8179,2;8133;8217,5;8081,4;304.55M;3,26%;;
689;16.02.2016;8137,6;8262,8;8262,8;8092;303.51M;-0,51%;;
688;17.02.2016;8364,9;8166,2;8366,9;8140,9;324.40M;2,79%;;
687;18.02.2016;8295,4;8420,3;8479,6;8255,4;312.11M;-0,83%;;
686;19.02.2016;8194,2;8284,9;8335,2;8105;312.66M;-1,22%;;
685;22.02.2016;8387;8290,3;8399,3;8281,7;246.10M;2,35%;;
684;23.02.2016;8267,6;8345,4;8447,8;8259;270.11M;-1,42%;;
683;24.02.2016;8013,7;8255;8269,1;7968,1;307.97M;-3,07%;;
682;25.02.2016;8215,6;8128,1;8260,2;8103,5;258.74M;2,52%;;
681;26.02.2016;8349,2;8313,3;8397,8;8265,2;321.92M;1,63%;;
680;29.02.2016;8461,4;8291,9;8463,4;8222,6;295.55M;1,34%;;
679;01.03.2016;8611;8454,6;8611,6;8423,6;322.25M;1,77%;;
678;02.03.2016;8764,5;8662,3;8778,5;8641,2;353.54M;1,78%;;
677;03.03.2016;8767;8787,9;8812;8692,9;273.57M;0,03%;;
676;04.03.2016;8811,6;8812,6;8877,9;8734,6;322.35M;0,51%;;
675;07.03.2016;8786,8;8785,7;8834,7;8672,8;272.40M;-0,28%;;
674;08.03.2016;8740,3;8736,3;8848,8;8663,2;310.22M;-0,53%;;
673;09.03.2016;8761,1;8765,5;8889,6;8741;315.89M;0,24%;;
672;10.03.2016;8766,9;8782;9105,8;8730,6;533.69M;0,07%;;
671;11.03.2016;9090,6;8930,3;9101,3;8913,6;476.00M;3,69%;;
670;14.03.2016;9142,7;9156,1;9217,3;9120,1;362.90M;0,57%;;
669;15.03.2016;8988,3;9099,5;9122,2;8961,6;376.24M;-1,69%;;
668;16.03.2016;8962,8;9018,4;9062;8898,6;253.94M;-0,28%;;
667;17.03.2016;8978,8;9064,9;9071,2;8782,8;385.79M;0,18%;;
666;18.03.2016;9051,1;8995,3;9074,5;8904,7;395.75M;0,81%;;
665;21.03.2016;9021;9006,1;9138,9;8966,5;182.19M;-0,33%;;
664;22.03.2016;8992;8969,3;8992;8840,4;216.83M;-0,32%;;
663;23.03.2016;8927,1;9017,2;9046;8880,2;186.65M;-0,72%;;
662;24.03.2016;8789,8;8862,5;8890,8;8781,7;209.36M;-1,54%;;
661;29.03.2016;8808,3;8843,2;8906,5;8751,5;235.00M;0,21%;;
660;30.03.2016;8870,2;8874,4;8960,7;8856,1;223.84M;0,70%;;
659;31.03.2016;8723,1;8825,5;8827,9;8698,3;318.40M;-1,66%;;
658;01.04.2016;8602,3;8624,6;8677,2;8531,8;325.37M;-1,38%;;
657;04.04.2016;8597,5;8589,3;8712,9;8552,2;212.42M;-0,06%;;
656;05.04.2016;8387,7;8483,8;8491,5;8377,7;272.83M;-2,44%;;
655;06.04.2016;8398,6;8398,8;8468,9;8340,2;287.75M;0,13%;;
654;07.04.2016;8292,9;8418,2;8431,4;8256,1;311.34M;-1,26%;;
653;08.04.2016;8427,6;8309,9;8462,8;8309,9;297.77M;1,62%;;
652;11.04.2016;8497,6;8413,4;8563,4;8344,4;270.18M;0,83%;;
651;12.04.2016;8546,3;8519,8;8587,9;8425,6;326.59M;0,57%;;
650;13.04.2016;8820,7;8660,1;8820,7;8596,1;415.15M;3,21%;;
649;14.04.2016;8861,5;8854;8870,9;8743,5;343.39M;0,46%;;
648;15.04.2016;8850,9;8855,4;8886,6;8809,3;275.85M;-0,12%;;
647;18.04.2016;8881,6;8703,4;8891,5;8674,1;243.88M;0,35%;;
646;19.04.2016;8971,3;8914,5;9004,2;8890,2;293.01M;1,01%;;
645;20.04.2016;9147,2;8948,4;9161,9;8940;305.43M;1,96%;;
644;21.04.2016;9197,2;9178,5;9218,7;9120,6;324.42M;0,55%;;
643;22.04.2016;9232,8;9183,9;9244,4;9161,6;299.60M;0,39%;;
642;25.04.2016;9140;9225,4;9257,5;9123,7;232.57M;-1,01%;;
641;26.04.2016;9283;9171,9;9299,5;9162,7;295.44M;1,56%;;
640;27.04.2016;9332,6;9306,7;9360,2;9277;306.65M;0,53%;;
639;28.04.2016;9269;9227,6;9269;9085,5;353.27M;-0,68%;;
638;29.04.2016;9025,7;9161,4;9195,9;9025,7;333.51M;-2,62%;;
637;02.05.2016;9022,1;9066,9;9092,6;8980,8;144.92M;-0,04%;;
636;03.05.2016;8764,9;9009,4;9015,1;8753,7;297.61M;-2,85%;;
635;04.05.2016;8654,3;8767,8;8802,3;8648,6;279.48M;-1,26%;;
634;05.05.2016;8689,4;8698,2;8792,5;8660,9;237.81M;0,41%;;
633;06.05.2016;8702,1;8659,5;8768,3;8563,9;266.58M;0,15%;;
632;09.05.2016;8660,8;8776,1;8839,7;8643,6;249.80M;-0,47%;;
631;10.05.2016;8775,2;8749,4;8831,1;8711,8;225.70M;1,32%;;
630;11.05.2016;8663,9;8773;8793,7;8614,1;217.30M;-1,27%;;
629;12.05.2016;8663,1;8629,4;8787;8582,2;247.42M;-0,01%;;
628;13.05.2016;8721,5;8622,7;8752,6;8596,3;211.09M;0,67%;;
627;16.05.2016;8682,1;8626,4;8701,6;8579,8;120.69M;-0,45%;;
626;17.05.2016;8698,7;8743,7;8829,5;8645,8;221.83M;0,19%;;
625;18.05.2016;8775,1;8647,3;8797,2;8632,8;201.50M;0,88%;;
624;19.05.2016;8674,7;8745,5;8785,2;8669,6;245.15M;-1,14%;;
623;20.05.2016;8771,2;8737,5;8793,8;8713,8;172.28M;1,11%;;
622;23.05.2016;8714;8776,2;8809,9;8677,3;181.05M;-0,65%;;
621;24.05.2016;8918,1;8687,3;8938,8;8670,9;208.85M;2,34%;;
620;25.05.2016;9125;8988,5;9149,3;8982,1;307.94M;2,32%;;
619;26.05.2016;9079,2;9074,4;9101,8;9020,4;383.45M;-0,50%;;
618;27.05.2016;9107,3;9045,4;9126,3;9026,6;262.45M;0,31%;;
617;30.05.2016;9116,9;9110,9;9134;9066,5;119.75M;0,11%;;
616;31.05.2016;9034;9130,5;9155,5;9013,2;309.22M;-0,91%;;
615;01.06.2016;8916,9;9028,3;9033,4;8880,9;264.05M;-1,30%;;
614;02.06.2016;8957,9;8918,6;9056,6;8907,5;316.09M;0,46%;;
613;03.06.2016;8801,6;9004,3;9038,4;8756,8;272.78M;-1,74%;;
612;06.06.2016;8823,5;8810,1;8870,9;8785,6;180.47M;0,25%;;
611;07.06.2016;8894,5;8873;8945,9;8865,8;208.14M;0,80%;;
610;08.06.2016;8831,4;8857,9;8866,9;8798,2;252.01M;-0,71%;;
609;09.06.2016;8769,5;8806,8;8832,7;8751,3;316.75M;-0,70%;;
608;10.06.2016;8490,5;8732,2;8732,6;8486,8;388.96M;-3,18%;;
607;13.06.2016;8303,8;8388,2;8424,9;8291,5;290.43M;-2,20%;;
606;14.06.2016;8126,7;8238,6;8270,4;8124,8;342.43M;-2,13%;;
605;15.06.2016;8250,8;8216,8;8315,8;8193,3;322.39M;1,53%;;
604;16.06.2016;8199,9;8150,7;8220,6;8107;331.33M;-0,62%;;
603;17.06.2016;8362;8290,2;8425,2;8278,3;472.79M;1,98%;;
602;20.06.2016;8647,1;8592,7;8652,1;8578,6;281.90M;3,41%;;
601;21.06.2016;8667,3;8636,9;8697,9;8607,7;272.66M;0,23%;;
600;22.06.2016;8702;8711,9;8774,3;8605,7;247.58M;0,40%;;
599;23.06.2016;8885,3;8758,9;8912;8684,8;319.11M;2,11%;;
598;24.06.2016;7787,7;8263,6;8328,4;7743,4;1.08B;-12,35%;;
597;27.06.2016;7645,5;8001,5;8053,2;7579,8;768.02M;-1,83%;;
596;28.06.2016;7835;7836,8;7916,9;7793,7;467.34M;2,48%;;
595;29.06.2016;8105,3;7947;8105,3;7935,1;407.52M;3,45%;;
594;30.06.2016;8163,3;8081,7;8186,8;7993,9;456.69M;0,72%;;
593;01.07.2016;8268,9;8240,1;8304,4;8134,1;304.25M;1,29%;;
592;04.07.2016;8255,9;8302,9;8328,1;8229,4;216.88M;-0,16%;;
591;05.07.2016;8067,6;8176,2;8196;8050,4;321.76M;-2,28%;;
590;06.07.2016;7926,2;8005,7;8040,1;7857,8;376.84M;-1,75%;;
589;07.07.2016;8008,2;7996,4;8064,4;7966,3;269.74M;1,03%;;
588;08.07.2016;8185,9;7985,6;8242,8;7961,2;327.41M;2,22%;;
587;11.07.2016;8305,1;8265,8;8319,7;8168,7;245.09M;1,46%;;
586;12.07.2016;8506;8313,8;8528,3;8292,6;376.50M;2,42%;;
585;13.07.2016;8473,9;8471,9;8580,3;8426,4;384.22M;-0,38%;;
584;14.07.2016;8552,3;8563,7;8593,8;8454,2;271.81M;0,93%;;
583;15.07.2016;8531;8527,3;8582,3;8446,2;264.73M;-0,25%;;
582;18.07.2016;8524,4;8552,9;8609,1;8446,3;208.11M;-0,08%;;
581;19.07.2016;8485,2;8490,7;8559;8439,3;221.86M;-0,46%;;
580;20.07.2016;8575,5;8556;8576,6;8470,3;228.57M;1,06%;;
579;21.07.2016;8583,6;8589,3;8620,9;8501;274.30M;0,09%;;
578;22.07.2016;8599,9;8566,3;8618,9;8516,3;299.86M;0,19%;;
577;25.07.2016;8575,7;8605,7;8647,6;8537,1;187.64M;-0,28%;;
576;26.07.2016;8560,2;8574,5;8587,3;8485,8;214.21M;-0,18%;;
575;27.07.2016;8661,4;8593,6;8720,2;8581,6;240.19M;1,18%;;
574;28.07.2016;8479,2;8630;8659,1;8479,2;256.59M;-2,10%;;
573;29.07.2016;8587,2;8525,1;8619;8505,6;293.41M;1,27%;;
572;01.08.2016;8513,4;8667,5;8679,1;8496,8;258.30M;-0,86%;;
571;02.08.2016;8277,3;8495,6;8498,2;8256,6;342.28M;-2,77%;;
570;03.08.2016;8263,5;8319,1;8329,7;8229,4;244.86M;-0,17%;;
569;04.08.2016;8385,5;8324,1;8424,6;8318,6;214.14M;1,48%;;
568;05.08.2016;8539,4;8422,4;8552,5;8422;179.77M;1,84%;;
567;08.08.2016;8562,5;8573,5;8632,4;8548,1;171.20M;0,27%;;
566;09.08.2016;8665,4;8541,1;8673,9;8531,8;166.83M;1,20%;;
565;10.08.2016;8658,9;8610,5;8688,6;8598,7;187.37M;-0,08%;;
564;11.08.2016;8719,5;8699;8719,5;8626,5;142.88M;0,70%;;
563;12.08.2016;8716,4;8704,5;8747,6;8698;123.77M;-0,04%;;
562;15.08.2016;8720,6;8711;8753,6;8694,6;81.08M;0,05%;;
561;16.08.2016;8621,7;8689;8714,3;8621,7;153.28M;-1,13%;;
560;17.08.2016;8487;8646,2;8652,7;8485,6;154.96M;-1,56%;;
559;18.08.2016;8550,1;8549,2;8555,1;8481,3;166.80M;0,74%;;
558;19.08.2016;8450,6;8556,2;8556,3;8393,5;162.78M;-1,16%;;
557;22.08.2016;8468;8431,3;8522,8;8407,6;135.10M;0,21%;;
556;23.08.2016;8580,9;8512,8;8602,4;8506,3;163.44M;1,33%;;
555;24.08.2016;8655,5;8532;8665,9;8509,8;196.14M;0,87%;;
554;25.08.2016;8599,5;8612,3;8628,1;8555;132.16M;-0,65%;;
553;26.08.2016;8659,5;8595,7;8673,9;8566,5;125.66M;0,70%;;
552;29.08.2016;8616,4;8611,2;8660,9;8573,7;98.61M;-0,50%;;
551;30.08.2016;8685,4;8629,4;8731,9;8629;155.90M;0,80%;;
550;31.08.2016;8716,8;8677,4;8780,7;8671,4;297.36M;0,36%;;
549;01.09.2016;8762,8;8746,3;8884,9;8730,8;300.78M;0,53%;;
548;02.09.2016;8908,9;8789,9;8912,6;8743,2;227.60M;1,67%;;
547;05.09.2016;8953,3;8928,4;8979,3;8913,5;153.72M;0,50%;;
546;06.09.2016;8899,5;8991,4;8996,3;8893,9;187.94M;-0,60%;;
545;07.09.2016;9015,3;8931,8;9021,9;8908,7;206.12M;1,30%;;
544;08.09.2016;9101,1;9028,6;9115,6;8974,9;251.73M;0,95%;;
543;09.09.2016;9025,5;9065,5;9135,8;9004,8;232.05M;-0,83%;;
542;12.09.2016;8866,6;8877,1;8880,7;8790,8;243.74M;-1,76%;;
541;13.09.2016;8724,2;8907,2;8924;8724,2;216.03M;-1,61%;;
540;14.09.2016;8702,4;8769,9;8779,6;8684,2;232.22M;-0,25%;;
539;15.09.2016;8720,5;8697;8742,8;8665,4;214.62M;0,21%;;
538;16.09.2016;8633,4;8700,9;8725,1;8603,3;406.19M;-1,00%;;
537;19.09.2016;8715,5;8723,5;8736,3;8689,5;185.97M;0,95%;;
536;20.09.2016;8686,1;8695,1;8735,2;8649,5;167.67M;-0,34%;;
535;21.09.2016;8758,5;8817;8837,4;8748;247.44M;0,83%;;
534;22.09.2016;8934,9;8819,8;8966,1;8815,3;279.39M;2,01%;;
533;23.09.2016;8823,6;8885,9;8893,9;8785,8;315.88M;-1,25%;;
532;26.09.2016;8711,4;8765,4;8765,4;8630;261.95M;-1,27%;;
531;27.09.2016;8688,2;8776;8781;8634,2;268.22M;-0,27%;;
530;28.09.2016;8740,4;8744;8806,5;8715,8;196.36M;0,60%;;
529;29.09.2016;8796,3;8834;8864,8;8778,4;226.72M;0,64%;;
528;30.09.2016;8779,4;8649;8805,4;8543,1;452.00M;-0,19%;;
527;03.10.2016;8751,6;8759;8788,9;8707,2;157.19M;-0,32%;;
526;04.10.2016;8769;8769;8810,1;8741,2;212.65M;0,20%;;
525;05.10.2016;8778,3;8691,3;8788,2;8669,3;243.78M;0,11%;;
524;06.10.2016;8757,4;8820,8;8846,4;8742,3;273.33M;-0,24%;;
523;07.10.2016;8624,3;8759,9;8762,3;8596;284.89M;-1,52%;;
522;10.10.2016;8701,5;8631,3;8713,7;8566,7;200.51M;0,90%;;
521;11.10.2016;8693,2;8690,4;8752,6;8657,5;210.90M;-0,10%;;
520;12.10.2016;8686,5;8714,5;8760;8677,1;165.22M;-0,08%;;
519;13.10.2016;8608,7;8634,9;8634,9;8551,2;289.16M;-0,90%;;
518;14.10.2016;8767,9;8640,8;8800,8;8635,5;244.61M;1,85%;;
517;17.10.2016;8740,7;8721;8784,8;8714,5;215.14M;-0,31%;;
516;18.10.2016;8865,3;8786,5;8879,8;8769,9;253.50M;1,43%;;
515;19.10.2016;8950,1;8890,3;8956,9;8842,5;261.21M;0,96%;;
514;20.10.2016;9061,2;8975,4;9077,2;8961,6;297.55M;1,24%;;
513;21.10.2016;9100,4;9063,7;9100,4;9035,6;260.46M;0,43%;;
512;24.10.2016;9216,2;9156,4;9255,3;9145,5;335.32M;1,27%;;
511;25.10.2016;9139,7;9207,8;9236,6;9116,4;286.93M;-0,83%;;
510;26.10.2016;9173,3;9151,5;9183,7;9111,2;271.80M;0,37%;;
509;27.10.2016;9197,2;9163,5;9200;9102,8;310.94M;0,26%;;
508;28.10.2016;9201,3;9150,4;9206,6;9086;341.23M;0,04%;;
507;31.10.2016;9143,3;9144,9;9171,7;9109,2;271.72M;-0,63%;;
506;01.11.2016;9040,7;9206,5;9214,1;9032;224.86M;-1,12%;;
505;02.11.2016;8873,4;8972,8;8973,9;8864,8;271.69M;-1,85%;;
504;03.11.2016;8879,9;8858,2;8929,7;8835,5;248.75M;0,07%;;
503;04.11.2016;8791,6;8862,3;8866,1;8755,1;230.51M;-0,99%;;
502;07.11.2016;8918,8;8949,4;8960,1;8890,7;211.37M;1,45%;;
501;08.11.2016;8937;8936,8;8952;8859,8;253.82M;0,20%;;
500;09.11.2016;8901,5;8595,3;8901,9;8570,4;582.35M;-0,40%;;
499;10.11.2016;8756,8;8983;9053,9;8708,4;559.62M;-1,63%;;
498;11.11.2016;8639,2;8819,5;8840,1;8614,1;358.28M;-1,34%;;
497;14.11.2016;8658,2;8733;8765,2;8602,1;331.69M;0,22%;;
496;15.11.2016;8687,1;8665,7;8707,9;8620,6;283.00M;0,33%;;
495;16.11.2016;8638,5;8712,9;8753,1;8563,6;287.03M;-0,56%;;
494;17.11.2016;8718;8622,4;8718;8611,6;274.43M;0,92%;;
493;18.11.2016;8622,9;8754,7;8756,3;8581,5;293.09M;-1,09%;;
492;21.11.2016;8614,6;8659,9;8660,9;8558,5;199.68M;-0,10%;;
491;22.11.2016;8651,5;8672,8;8684,7;8640,7;285.02M;0,43%;;
490;23.11.2016;8627,5;8666,6;8673,6;8604,8;273.14M;-0,28%;;
489;24.11.2016;8657,2;8657,4;8672,7;8614,6;166.34M;0,34%;;
488;25.11.2016;8674,4;8671;8674,8;8623,8;170.46M;0,20%;;
487;28.11.2016;8619,3;8651,8;8698,9;8586,7;270.08M;-0,64%;;
486;29.11.2016;8667;8614,3;8697,8;8591,4;215.90M;0,55%;;
485;30.11.2016;8688,2;8662,7;8714,9;8638,4;350.82M;0,24%;;
484;01.12.2016;8669,2;8671,6;8711,3;8632,7;365.92M;-0,22%;;
483;02.12.2016;8607,1;8610,6;8635,6;8576;249.93M;-0,72%;;
482;05.12.2016;8664,7;8533,9;8750,8;8512,4;288.00M;0,67%;;
481;06.12.2016;8893,3;8692,4;8906,6;8670,5;316.38M;2,64%;;
480;07.12.2016;8960,4;8951,2;8974,7;8912,6;361.00M;0,75%;;
479;08.12.2016;9145,4;9002,5;9179,6;8992,6;468.93M;2,06%;;
478;09.12.2016;9169,6;9121,1;9179,4;9093,4;330.16M;0,26%;;
477;12.12.2016;9186,4;9171,7;9208,6;9148,5;258.10M;0,18%;;
476;13.12.2016;9331,3;9160,9;9341,9;9132,6;362.54M;1,58%;;
475;14.12.2016;9218,4;9306,9;9319,4;9207,1;297.10M;-1,21%;;
474;15.12.2016;9340,8;9225,8;9354,8;9220,3;363.02M;1,33%;;
473;16.12.2016;9412,8;9310,3;9452,9;9299,3;577.32M;0,77%;;
472;19.12.2016;9336,7;9376,8;9387;9336;266.99M;-0,81%;;
471;20.12.2016;9407,9;9329,1;9421,5;9322,3;261.18M;0,76%;;
470;21.12.2016;9371,7;9384,7;9420,8;9300,3;336.07M;-0,38%;;
469;22.12.2016;9333,6;9341,5;9374,8;9297,5;181.12M;-0,41%;;
468;23.12.2016;9367,7;9347,4;9377,9;9339,6;156.03M;0,37%;;
467;27.12.2016;9376,6;9354,8;9390,9;9346,9;109.30M;0,10%;;
466;28.12.2016;9344,9;9357,2;9369,2;9317,7;151.82M;-0,34%;;
465;29.12.2016;9327,1;9283,4;9333,4;9269,5;130.74M;-0,19%;;
464;30.12.2016;9352,1;9310;9352,1;9293,2;166.81M;0,27%;;
463;02.01.2017;9418,7;9332,6;9432,6;9318,1;108.39M;0,71%;;
462;03.01.2017;9494,7;9448,3;9552,1;9438,8;280.88M;0,81%;;
461;04.01.2017;9462,9;9522,1;9538,4;9424,1;238.02M;-0,33%;;
460;05.01.2017;9488,2;9427,9;9507,2;9413,6;221.28M;0,27%;;
459;06.01.2017;9515,9;9487;9515,9;9451,2;144.57M;0,29%;;
458;09.01.2017;9492,8;9536,9;9536,9;9446,2;194.38M;-0,24%;;
457;10.01.2017;9452;9497,1;9497,3;9425;220.46M;-0,43%;;
456;11.01.2017;9408,6;9456,4;9468,1;9378,6;298.56M;-0,46%;;
455;12.01.2017;9407,4;9378;9452,3;9343;261.90M;-0,01%;;
454;13.01.2017;9511,6;9445,1;9524,3;9416,7;210.31M;1,11%;;
453;16.01.2017;9410;9457,2;9465,2;9407,8;197.58M;-1,07%;;
452;17.01.2017;9394,9;9390,4;9429;9361,9;255.12M;-0,16%;;
451;18.01.2017;9386,2;9425,1;9430,8;9362,2;211.88M;-0,09%;;
450;19.01.2017;9379,1;9406,4;9431,3;9327,4;259.10M;-0,08%;;
449;20.01.2017;9380,1;9377,5;9439;9345,2;238.87M;0,01%;;
448;23.01.2017;9304,8;9337,8;9362,4;9279;197.62M;-0,80%;;
447;24.01.2017;9387,2;9319,2;9387,2;9296,6;201.31M;0,89%;;
446;25.01.2017;9549,3;9483,5;9588,8;9479,4;404.76M;1,73%;;
445;26.01.2017;9512,8;9601,6;9623,5;9495,5;285.95M;-0,38%;;
444;27.01.2017;9504,1;9531,4;9533,5;9420,2;234.87M;-0,09%;;
443;30.01.2017;9361,3;9460,6;9472,8;9349,1;220.04M;-1,50%;;
442;31.01.2017;9315,2;9365,9;9430,3;9315,2;282.77M;-0,49%;;
441;01.02.2017;9330,8;9416;9423,3;9304,5;304.38M;0,17%;;
440;02.02.2017;9406,4;9321,2;9426,4;9301,5;293.59M;0,81%;;
439;03.02.2017;9462,7;9435,3;9482,6;9396,8;393.83M;0,60%;;
438;06.02.2017;9357,3;9459,4;9482;9337,4;287.14M;-1,11%;;
437;07.02.2017;9331,5;9321,9;9389,2;9304,5;284.08M;-0,28%;;
436;08.02.2017;9329,7;9362;9378,4;9236,6;312.73M;-0,02%;;
435;09.02.2017;9438,4;9353,9;9444,9;9318,1;274.08M;1,17%;;
434;10.02.2017;9378,1;9478,2;9498,3;9356;231.38M;-0,64%;;
433;13.02.2017;9484,1;9421,9;9501,3;9387,7;178.86M;1,13%;;
432;14.02.2017;9510,2;9489,1;9528,6;9461;206.91M;0,28%;;
431;15.02.2017;9584,1;9557,1;9612,8;9528,2;235.35M;0,78%;;
430;16.02.2017;9554,7;9582,5;9614,6;9526;213.99M;-0,31%;;
429;17.02.2017;9500,3;9564,8;9571;9438,2;234.06M;-0,57%;;
428;20.02.2017;9526,6;9564,4;9577,7;9512;178.86M;0,28%;;
427;21.02.2017;9561;9523,6;9591,3;9467,6;209.80M;0,36%;;
426;22.02.2017;9477,2;9577,7;9606,1;9439,7;280.84M;-0,88%;;
425;23.02.2017;9493,4;9519,8;9541,8;9479,7;276.00M;0,17%;;
424;24.02.2017;9453,5;9513,7;9530,4;9383,1;285.87M;-0,42%;;
423;27.02.2017;9464,3;9494;9499,3;9427,7;194.24M;0,11%;;
422;28.02.2017;9555,5;9515;9570,7;9484;279.24M;0,96%;;
421;01.03.2017;9751,5;9618;9756,5;9616,6;351.70M;2,05%;;
420;02.03.2017;9716;9753,1;9762,3;9715,8;275.02M;-0,36%;;
419;03.03.2017;9798,5;9694,5;9799,6;9669,2;308.71M;0,85%;;
418;06.03.2017;9804,1;9772,3;9825,3;9753,9;228.40M;0,06%;;
417;07.03.2017;9801,7;9817,7;9819,8;9767,4;172.06M;-0,02%;;
416;08.03.2017;9850,5;9792,3;9881,3;9785,1;247.12M;0,50%;;
415;09.03.2017;9998,4;9844,9;10014,5;9837,4;390.80M;1,50%;;
414;10.03.2017;10006,4;10038,8;10091,4;9989,1;405.12M;0,08%;;
413;13.03.2017;9995,9;10020;10023,4;9957,4;193.63M;-0,10%;;
412;14.03.2017;9905,1;9987,7;9995;9886,9;234.66M;-0,91%;;
411;15.03.2017;9983,2;9931,2;10000,1;9913,2;265.81M;0,79%;;
410;16.03.2017;10168;10090,8;10175,3;10063,7;412.42M;1,85%;;
409;17.03.2017;10245,8;10153;10250,2;10143,9;452.78M;0,77%;;
408;20.03.2017;10214;10216,7;10243;10189;188.82M;-0,31%;;
407;21.03.2017;10211,9;10270,5;10334,7;10188,9;313.02M;-0,02%;;
406;22.03.2017;10229,3;10151,8;10268,8;10092,8;299.75M;0,17%;;
405;23.03.2017;10324,9;10248,9;10324,9;10202;226.58M;0,93%;;
404;24.03.2017;10309,4;10312,5;10330,3;10276,2;189.56M;-0,15%;;
403;27.03.2017;10302,9;10218,5;10302,9;10191,1;221.94M;-0,06%;;
402;28.03.2017;10389;10345,6;10394,8;10312,9;215.14M;0,84%;;
401;29.03.2017;10367,6;10409,2;10424,5;10303,2;232.26M;-0,21%;;
400;30.03.2017;10405,9;10372,1;10406;10348,5;207.20M;0,37%;;
399;31.03.2017;10462,9;10368,5;10462,9;10352,2;252.48M;0,55%;;
398;03.04.2017;10325,3;10457,7;10457,7;10324,6;321.62M;-1,32%;;
397;04.04.2017;10361,2;10304,1;10361,2;10270,3;303.65M;0,35%;;
396;05.04.2017;10402,7;10377,2;10467,3;10369,1;254.05M;0,40%;;
395;06.04.2017;10518,9;10349,6;10534,5;10322;230.29M;1,12%;;
394;07.04.2017;10529;10466,9;10529;10443,5;194.31M;0,10%;;
393;10.04.2017;10437,7;10507,9;10509;10436,5;222.75M;-0,87%;;
392;11.04.2017;10416,3;10381,4;10463,2;10358,9;309.44M;-0,21%;;
391;12.04.2017;10360,5;10441,3;10486;10353,8;310.21M;-0,54%;;
390;13.04.2017;10326,1;10347,9;10350,4;10264,6;233.81M;-0,33%;;
389;18.04.2017;10264,5;10365,6;10370,6;10216,9;283.86M;-0,60%;;
388;19.04.2017;10370,3;10272,7;10377,5;10266;324.42M;1,03%;;
387;20.04.2017;10372,5;10349,3;10473,9;10328,5;292.27M;0,02%;;
386;21.04.2017;10377;10388,6;10434,4;10307,7;325.22M;0,04%;;
385;24.04.2017;10766,8;10714,2;10769,8;10668;496.99M;3,76%;;
384;25.04.2017;10783,1;10786,1;10828,8;10719;299.93M;0,15%;;
383;26.04.2017;10763,4;10810,4;10815,3;10710,9;278.42M;-0,18%;;
382;27.04.2017;10683,9;10718,8;10722,2;10663,3;273.46M;-0,74%;;
381;28.04.2017;10715,8;10658,4;10745,5;10622,8;298.34M;0,30%;;
380;02.05.2017;10820,3;10737,7;10820,3;10719,4;225.31M;0,98%;;
379;03.05.2017;10837;10793;10841,1;10769;192.96M;0,15%;;
378;04.05.2017;11012,9;10872,1;11012,9;10856,4;310.82M;1,62%;;
377;05.05.2017;11135,4;10971,5;11135,4;10967,2;363.49M;1,11%;;
376;08.05.2017;11096,3;11177,3;11184,4;11036,8;316.18M;-0,35%;;
375;09.05.2017;11049,2;11120,1;11135,1;11047,1;268.38M;-0,42%;;
374;10.05.2017;11034,8;11029,6;11053,5;10958,4;347.63M;-0,13%;;
373;11.05.2017;10861,4;11051,3;11052,6;10823,9;400.68M;-1,57%;;
372;12.05.2017;10897;10861,9;10907,6;10836;262.44M;0,33%;;
371;15.05.2017;10957,8;10941,1;10960,5;10891,9;200.10M;0,56%;;
370;16.05.2017;10982,4;10959,8;10991,2;10928,3;263.76M;0,22%;;
369;17.05.2017;10786,1;10925,9;10965,9;10761,3;304.08M;-1,79%;;
368;18.05.2017;10684,9;10727,8;10756,5;10564,3;414.32M;-0,94%;;
367;19.05.2017;10835,4;10711,8;10843,6;10689,9;320.25M;1,41%;;
366;22.05.2017;10793,4;10843,5;10851;10761,4;226.73M;-0,39%;;
365;23.05.2017;10916,3;10766,3;10928,7;10756,5;238.31M;1,14%;;
364;24.05.2017;10907,4;10931,2;10942,8;10882,3;204.71M;-0,08%;;
363;25.05.2017;10937,7;10971,2;10983,9;10920,7;184.80M;0,28%;;
362;26.05.2017;10904,2;10911,1;10918,8;10801,6;179.95M;-0,31%;;
361;29.05.2017;10884;10864;10915,4;10844,8;110.54M;-0,19%;;
360;30.05.2017;10876,9;10812,5;10918,5;10788,7;217.85M;-0,07%;;
359;31.05.2017;10880;10885;10957,8;10856,2;740.25M;0,03%;;
358;01.06.2017;10881;10891,6;10909,1;10836,4;434.89M;0,01%;;
357;02.06.2017;10905,9;10960;11007,7;10879,6;426.28M;0,23%;;
356;05.06.2017;10884,7;10889,6;10916,4;10842,1;297.63M;-0,19%;;
355;06.06.2017;10879,7;10859;10907,8;10817,9;403.56M;-0,05%;;
354;07.06.2017;10871,7;10813,6;10946,9;10761,7;276.98M;-0,07%;;
353;08.06.2017;10953,1;10847,2;10981,3;10837,4;262.97M;0,75%;;
352;09.06.2017;10978,3;10947,2;11048;10884,7;223.09M;0,23%;;
351;12.06.2017;10842,4;10929,7;10936,6;10818,5;193.10M;-1,24%;;
350;13.06.2017;10882,1;10872,6;10937;10846,5;154.04M;0,37%;;
349;14.06.2017;10775,8;10858,5;10934;10775,3;189.42M;-0,98%;;
348;15.06.2017;10699,6;10750,8;10751,6;10598;225.30M;-0,71%;;
347;16.06.2017;10759,4;10731,9;10786,3;10702,1;348.07M;0,56%;;
346;19.06.2017;10848,9;10839,8;10884,2;10807,6;151.49M;0,83%;;
345;20.06.2017;10746,1;10892,3;10901,5;10746,1;155.90M;-0,95%;;
344;21.06.2017;10740,7;10721,9;10761,5;10615,9;138.99M;-0,05%;;
343;22.06.2017;10709,9;10709,6;10725,2;10641,9;128.77M;-0,29%;;
342;23.06.2017;10630,8;10685,6;10715,5;10596,3;120.33M;-0,74%;;
341;26.06.2017;10696,6;10666,1;10757;10656,5;123.20M;0,62%;;
340;27.06.2017;10647,9;10674;10726,2;10643,9;180.89M;-0,46%;;
339;28.06.2017;10702,7;10607,8;10716,7;10526,6;232.69M;0,51%;;
338;29.06.2017;10531,1;10735,9;10772;10514,5;242.89M;-1,60%;;
337;30.06.2017;10444,5;10541,2;10583,7;10433,2;197.99M;-0,82%;;
336;03.07.2017;10604,2;10507,6;10615,1;10502,2;161.64M;1,53%;;
335;04.07.2017;10566,7;10543,3;10611,4;10530,3;150.48M;-0,35%;;
334;05.07.2017;10523,6;10535,9;10589,5;10509,5;191.74M;-0,41%;;
333;06.07.2017;10498,4;10546,1;10546,2;10402;211.68M;-0,24%;;
332;07.07.2017;10488,8;10495,2;10505,7;10433,5;164.17M;-0,09%;;
331;10.07.2017;10509,5;10525,4;10535,9;10451,4;152.20M;0,20%;;
330;11.07.2017;10449,1;10531,5;10536,9;10438,8;156.56M;-0,57%;;
329;12.07.2017;10560,4;10482,2;10580,5;10470,5;191.89M;1,07%;;
328;13.07.2017;10658,3;10594,5;10674,1;10583,1;205.97M;0,93%;;
327;14.07.2017;10655,1;10664,6;10704,3;10619,3;164.86M;-0,03%;;
326;17.07.2017;10651,2;10665,5;10670,3;10604,2;144.92M;-0,04%;;
325;18.07.2017;10524,5;10616;10684,6;10511,5;179.66M;-1,19%;;
324;19.07.2017;10588,1;10533,9;10588,1;10456,1;275.33M;0,60%;;
323;20.07.2017;10564,8;10597,4;10627,2;10534,8;244.52M;-0,22%;;
322;21.07.2017;10426,6;10530,7;10562,8;10381,2;207.71M;-1,31%;;
321;24.07.2017;10446,5;10432;10480,2;10368,1;161.23M;0,19%;;
320;25.07.2017;10523,4;10451,2;10621,3;10446,2;206.50M;0,74%;;
319;26.07.2017;10575,4;10523,8;10584,6;10508,5;152.25M;0,49%;;
318;27.07.2017;10603,4;10549,3;10652,9;10544,4;161.51M;0,26%;;
317;28.07.2017;10536,1;10574,4;10577,3;10497,7;226.26M;-0,63%;;
316;31.07.2017;10502,2;10536,6;10593,9;10495,4;166.10M;-0,32%;;
315;01.08.2017;10586,7;10613,4;10622,2;10510,9;150.97M;0,80%;;
314;02.08.2017;10513,9;10592,3;10607,8;10493,1;135.54M;-0,69%;;
313;03.08.2017;10549,1;10487,2;10553,8;10416,9;133.00M;0,33%;;
312;04.08.2017;10658,4;10525;10696,1;10516,4;148.69M;1,04%;;
311;07.08.2017;10676,5;10682,8;10689,8;10643,5;90.55M;0,17%;;
310;08.08.2017;10734,7;10674,4;10758,2;10665,2;111.26M;0,55%;;
309;09.08.2017;10596;10681,4;10705,9;10525,1;153.53M;-1,29%;;
308;10.08.2017;10450;10576,6;10584,3;10416,7;148.11M;-1,38%;;
307;11.08.2017;10282,9;10377,3;10399;10252,4;163.18M;-1,60%;;
306;14.08.2017;10461,2;10329,4;10490,6;10329,3;108.13M;1,73%;;
305;15.08.2017;10481,5;10489;10508,7;10436,7;79.39M;0,19%;;
304;16.08.2017;10544,3;10521;10575,9;10517,4;95.93M;0,60%;;
303;17.08.2017;10443,8;10535,7;10537,1;10428,6;129.09M;-0,95%;;
302;18.08.2017;10385,7;10323,6;10392,5;10284,8;129.45M;-0,56%;;
301;21.08.2017;10360,2;10360;10418,2;10330,4;84.93M;-0,25%;;
300;22.08.2017;10409,8;10425,2;10440,4;10360,2;83.38M;0,48%;;
299;23.08.2017;10338,1;10414;10445;10309,8;95.49M;-0,69%;;
298;24.08.2017;10357,4;10378,7;10421,9;10357,2;98.55M;0,19%;;
297;25.08.2017;10345,3;10373,9;10419,8;10334;71.65M;-0,12%;;
296;28.08.2017;10285,9;10313,7;10360,2;10284,2;51.54M;-0,57%;;
295;29.08.2017;10192,6;10233,2;10244,7;10134,3;147.97M;-0,91%;;
294;30.08.2017;10245,8;10264,6;10274,3;10216,8;94.78M;0,52%;;
293;31.08.2017;10299,5;10279,5;10354,3;10275,1;179.78M;0,52%;;
292;01.09.2017;10325,5;10328,8;10366,5;10314,1;103.85M;0,25%;;
291;04.09.2017;10243,2;10234,1;10274,7;10229,8;83.20M;-0,80%;;
290;05.09.2017;10179,8;10244,7;10287,6;10173,6;136.70M;-0,62%;;
289;06.09.2017;10131;10130,9;10176,9;10096,8;132.35M;-0,48%;;
288;07.09.2017;10124,9;10175,2;10189,5;10118,4;179.64M;-0,06%;;
287;08.09.2017;10129,6;10118,4;10165,7;10087,6;141.95M;0,05%;;
286;11.09.2017;10322,6;10199,9;10343,5;10197,8;145.46M;1,91%;;
285;12.09.2017;10336,2;10354,5;10372,5;10324,7;129.03M;0,13%;;
284;13.09.2017;10371;10324,8;10395,1;10308;170.75M;0,34%;;
283;14.09.2017;10361,1;10352,7;10365,1;10284,3;156.38M;-0,10%;;
282;15.09.2017;10317,4;10321,2;10370,8;10287,2;302.20M;-0,42%;;
281;18.09.2017;10338,4;10358;10410,2;10330,1;133.38M;0,20%;;
280;19.09.2017;10378,4;10312,2;10399,1;10296,1;129.99M;0,39%;;
279;20.09.2017;10292,1;10349;10375,5;10248,4;146.94M;-0,83%;;
278;21.09.2017;10297;10318,2;10340,8;10266,8;149.86M;0,05%;;
277;22.09.2017;10305;10286,6;10313,9;10270,9;130.09M;0,08%;;
276;25.09.2017;10216,5;10270;10272,4;10186,7;146.85M;-0,86%;;
275;26.09.2017;10189,6;10203,8;10224,7;10166,7;118.76M;-0,26%;;
274;27.09.2017;10368,9;10221,3;10398,9;10216,7;218.24M;1,76%;;
273;28.09.2017;10328,5;10381,2;10406,5;10319,4;178.76M;-0,39%;;
272;29.09.2017;10381,5;10336,9;10381,5;10277,5;199.15M;0,51%;;
271;02.10.2017;10255,7;10262,3;10327,2;10185,9;249.45M;-1,21%;;
270;03.10.2017;10257,5;10250,6;10276,6;10151,1;173.27M;0,02%;;
269;04.10.2017;9964,9;10226,8;10226,8;9947,3;348.22M;-2,85%;;
268;05.10.2017;10214,7;9934,3;10259,9;9922,3;327.00M;2,51%;;
267;06.10.2017;10185,5;10185,2;10214,5;10116,6;207.01M;-0,29%;;
266;09.10.2017;10236;10210,6;10306,8;10206,1;173.27M;0,50%;;
265;10.10.2017;10142,3;10225;10225;10107,8;208.20M;-0,92%;;
264;11.10.2017;10278,4;10304,6;10313,1;10247,3;250.98M;1,34%;;
263;12.10.2017;10275,9;10284,5;10304;10244,8;117.36M;-0,02%;;
262;13.10.2017;10258;10298,6;10299,7;10231,5;141.95M;-0,17%;;
261;16.10.2017;10181,4;10244,4;10248,7;10153,9;155.27M;-0,75%;;
260;17.10.2017;10216,8;10164,9;10297,1;10134;167.14M;0,35%;;
259;18.10.2017;10273,4;10237;10283,5;10165,4;181.89M;0,55%;;
258;19.10.2017;10197,5;10251,3;10276,6;10167,4;185.40M;-0,74%;;
257;20.10.2017;10222,7;10202;10249;10176,5;196.13M;0,25%;;
256;23.10.2017;10161,4;10202,4;10216,4;10141,4;145.12M;-0,60%;;
255;24.10.2017;10205,7;10150,6;10235,4;10148,3;157.49M;0,44%;;
254;25.10.2017;10153,3;10199;10273,4;10137,1;180.68M;-0,51%;;
253;26.10.2017;10347,8;10140,3;10422,7;10121,2;374.89M;1,92%;;
252;27.10.2017;10197,5;10354,3;10382,4;10136,9;290.37M;-1,45%;;
251;30.10.2017;10446;10321,2;10470,7;10293;266.08M;2,44%;;
250;31.10.2017;10523,5;10463,2;10570,5;10438,1;238.02M;0,74%;;
249;01.11.2017;10506,7;10591,4;10594,2;10486,2;200.54M;-0,16%;;
248;02.11.2017;10457,8;10509;10538,4;10403,2;155.34M;-0,47%;;
247;03.11.2017;10357,8;10463,3;10464,3;10295,9;190.29M;-0,96%;;
246;06.11.2017;10316,5;10358,1;10358,1;10264;131.98M;-0,40%;;
245;07.11.2017;10230,7;10365,7;10376,2;10212,5;166.40M;-0,83%;;
244;08.11.2017;10228,7;10236,2;10242,7;10155,4;173.57M;-0,02%;;
243;09.11.2017;10141,1;10223,2;10244,7;10117,2;163.56M;-0,86%;;
242;10.11.2017;10092,7;10138,6;10168;10075,8;158.36M;-0,48%;;
241;13.11.2017;10049,9;10124;10124;9984,2;143.99M;-0,42%;;
240;14.11.2017;9990,4;10063,6;10101,8;9970,9;143.16M;-0,59%;;
239;15.11.2017;10013,9;9920,6;10029,8;9889,4;178.55M;0,24%;;
238;16.11.2017;10088,7;10074;10173,5;10043,1;161.04M;0,75%;;
237;17.11.2017;10010,4;10074,4;10087,5;9998,7;182.67M;-0,78%;;
236;20.11.2017;10025,5;9999,7;10061,8;9981,3;115.33M;0,15%;;
235;21.11.2017;9993,4;10017,4;10072,2;9989,3;146.58M;-0,32%;;
234;22.11.2017;10013,9;10010,2;10092,4;10005,8;124.90M;0,21%;;
233;23.11.2017;10032,8;9994,1;10079,2;9983,2;118.61M;0,19%;;
232;24.11.2017;10053,5;10044,9;10125,4;10036,6;111.15M;0,21%;;
231;27.11.2017;10063,1;10027,4;10136,6;10014,4;114.37M;0,10%;;
230;28.11.2017;10144,4;10083,8;10148,8;10059,5;117.47M;0,81%;;
229;29.11.2017;10267,7;10221,8;10314,2;10211,1;216.02M;1,22%;;
228;30.11.2017;10211;10266,6;10323,1;10211;270.74M;-0,55%;;
227;01.12.2017;10085;10225,5;10225,5;10083,8;183.51M;-1,23%;;
226;04.12.2017;10208,6;10182,8;10248,4;10127,6;143.88M;1,23%;;
225;05.12.2017;10211,3;10204,6;10246,1;10162,3;132.39M;0,03%;;
224;06.12.2017;10184;10156,4;10201,8;10098,1;146.63M;-0,27%;;
223;07.12.2017;10262,6;10195,8;10271,2;10171,3;129.94M;0,77%;;
222;08.12.2017;10321,1;10322,5;10380,3;10316,5;161.04M;0,57%;;
221;11.12.2017;10306,9;10339,3;10348,8;10285,1;141.87M;-0,14%;;
220;12.12.2017;10288,3;10319,6;10326,2;10248,1;160.15M;-0,18%;;
219;13.12.2017;10260,5;10300,2;10355;10260,5;132.94M;-0,27%;;
218;14.12.2017;10176,5;10250;10293,1;10176,5;170.19M;-0,82%;;
217;15.12.2017;10150,4;10156,7;10212,3;10113,8;321.60M;-0,26%;;
216;18.12.2017;10244,1;10197,9;10257,8;10188,1;178.89M;0,92%;;
215;19.12.2017;10234,3;10239;10283,5;10228,4;116.42M;-0,10%;;
214;20.12.2017;10207,7;10242;10246,5;10140,5;129.67M;-0,26%;;
213;21.12.2017;10304,6;10192,6;10322,6;10144,4;152.66M;0,95%;;
212;22.12.2017;10182;10145,6;10235,8;10138,3;138.51M;-1,19%;;
211;27.12.2017;10165,2;10167,2;10213,2;10138,8;96.22M;-0,16%;;
210;28.12.2017;10093,1;10150,3;10162,8;10076,5;97.24M;-0,71%;;
209;29.12.2017;10043,9;10091,3;10100,2;10028,7;118.04M;-0,49%;;
208;02.01.2018;10079,1;10089,6;10097,9;10017;146.99M;0,35%;;
207;03.01.2018;10116;10101,4;10145,2;10083,6;137.80M;0,37%;;
206;04.01.2018;10314,4;10154,6;10325;10151;189.79M;1,96%;;
205;05.01.2018;10411,4;10343,1;10411,4;10343,1;145.84M;0,94%;;
204;08.01.2018;10398,4;10439,8;10456,9;10398,4;135.17M;-0,12%;;
203;09.01.2018;10426,5;10400,9;10461,9;10385,6;132.57M;0,27%;;
202;10.01.2018;10428,3;10423,2;10474,9;10399,1;210.84M;0,02%;;
201;11.01.2018;10435,2;10435,9;10475;10401,2;208.92M;0,07%;;
200;12.01.2018;10462,4;10463,7;10492,2;10443,4;154.55M;0,26%;;
199;15.01.2018;10467,2;10471,6;10493,7;10446,9;112.26M;0,05%;;
198;16.01.2018;10520,4;10479;10572,9;10466,2;160.06M;0,51%;;
197;17.01.2018;10474,6;10475,6;10504,9;10441,2;144.36M;-0,44%;;
196;18.01.2018;10432,7;10500,1;10509,2;10403,2;123.09M;-0,40%;;
195;19.01.2018;10479,5;10417,5;10500,1;10396,2;143.56M;0,45%;;
194;22.01.2018;10584;10503,6;10601,9;10488,3;179.08M;1,00%;;
193;23.01.2018;10609,5;10640,3;10643,4;10583,7;168.20M;0,24%;;
192;24.01.2018;10563;10595,3;10617,2;10563;129.49M;-0,44%;;
191;25.01.2018;10595,3;10564,6;10630,5;10559,7;183.93M;0,31%;;
190;26.01.2018;10595,4;10598,6;10635,1;10563,2;139.54M;0,00%;;
189;29.01.2018;10555,6;10605,5;10605,7;10540;150.49M;-0,38%;;
188;30.01.2018;10428,2;10481,9;10506,4;10416,2;180.47M;-1,21%;;
187;31.01.2018;10451,5;10436,4;10482,7;10422,1;190.19M;0,22%;;
186;01.02.2018;10399;10518,3;10543,7;10359,4;197.54M;-0,50%;;
185;02.02.2018;10211,2;10359,3;10369,2;10205,3;203.69M;-1,81%;;
184;05.02.2018;10064,5;10138,4;10173,8;10058,5;195.01M;-1,44%;;
183;06.02.2018;9810;9794,9;9967,3;9721,5;313.30M;-2,53%;;
182;07.02.2018;9976,9;9950,8;9988,5;9811,7;234.40M;1,70%;;
181;08.02.2018;9756,3;9928,5;9959,8;9726,5;228.48M;-2,21%;;
180;09.02.2018;9639,6;9710,9;9752,2;9581,1;255.50M;-1,20%;;
179;12.02.2018;9771,1;9760,1;9815,2;9731;170.17M;1,36%;;
178;13.02.2018;9650,7;9788,5;9797,4;9650,7;164.80M;-1,23%;;
177;14.02.2018;9686,2;9715,7;9743,9;9595,9;178.71M;0,37%;;
176;15.02.2018;9714,9;9770,7;9832,1;9674,9;165.51M;0,30%;;
175;16.02.2018;9832,1;9785,2;9839,7;9768,7;188.85M;1,21%;;
174;19.02.2018;9806,2;9865,1;9905,4;9797,2;122.82M;-0,26%;;
173;20.02.2018;9895,3;9806,9;9901,1;9806,9;153.24M;0,91%;;
172;21.02.2018;9823,3;9874,5;9876,1;9777,5;155.38M;-0,73%;;
171;22.02.2018;9876,5;9767,6;9903,1;9744,9;175.18M;0,54%;;
170;23.02.2018;9822,4;9882,9;9891,1;9764,9;181.44M;-0,55%;;
169;26.02.2018;9902,4;9888,4;9915,1;9841,7;156.60M;0,81%;;
168;27.02.2018;9900,2;9930,3;9937,2;9863,4;153.54M;-0,02%;;
167;28.02.2018;9840,3;9869,8;9887,2;9830,2;203.42M;-0,61%;;
166;01.03.2018;9738,6;9795,3;9808,9;9715,2;161.71M;-1,03%;;
165;02.03.2018;9531,1;9680;9680;9510,8;208.31M;-2,13%;;
164;05.03.2018;9590,8;9500;9604,2;9494,5;147.00M;0,63%;;
163;06.03.2018;9586,8;9663,6;9677;9586,3;143.03M;-0,04%;;
162;07.03.2018;9599,3;9561,3;9612,4;9547,1;132.06M;0,13%;;
161;08.03.2018;9646,2;9617;9666,4;9564,2;144.63M;0,49%;;
160;09.03.2018;9686,1;9651;9704,9;9631,5;117.28M;0,41%;;
159;12.03.2018;9727,5;9747,4;9761,3;9702,5;110.66M;0,43%;;
158;13.03.2018;9691,7;9737,2;9811,4;9670,7;151.21M;-0,37%;;
157;14.03.2018;9688,5;9698,9;9737,4;9632,2;159.02M;-0,03%;;
156;15.03.2018;9684,2;9715,3;9720,6;9647,5;146.82M;-0,04%;;
155;16.03.2018;9761;9676,2;9800,8;9664;313.97M;0,79%;;
154;19.03.2018;9664,1;9733,9;9747,3;9646;123.28M;-0,99%;;
153;20.03.2018;9681,6;9676,3;9693,2;9608,5;129.60M;0,18%;;
152;21.03.2018;9630,9;9701,5;9702,4;9592,1;145.64M;-0,52%;;
151;22.03.2018;9487,4;9580,4;9648,3;9432,6;199.76M;-1,49%;;
150;23.03.2018;9393,1;9399,2;9428,9;9327,6;227.00M;-0,99%;;
149;26.03.2018;9381;9418,1;9460,6;9343,3;159.53M;-0,13%;;
148;27.03.2018;9473,6;9518,2;9519,2;9441,6;137.67M;0,99%;;
147;28.03.2018;9555;9397,8;9555;9348,9;177.67M;0,86%;;
146;29.03.2018;9600,4;9595,6;9657,5;9581,7;153.27M;0,48%;;
145;03.04.2018;9549,6;9532,1;9577,5;9500;129.87M;-0,53%;;
144;04.04.2018;9513,3;9555,5;9560,4;9417,3;151.22M;-0,38%;;
143;05.04.2018;9740,9;9637,5;9761,8;9616,7;162.49M;2,39%;;
142;06.04.2018;9682,8;9688,3;9734,2;9658,9;114.95M;-0,60%;;
141;09.04.2018;9742,8;9735,1;9790,2;9716,8;99.21M;0,62%;;
140;10.04.2018;9763,5;9798,5;9806;9738,7;125.80M;0,21%;;
139;11.04.2018;9735,8;9742,6;9786,3;9717,3;122.93M;-0,28%;;
138;12.04.2018;9747;9733;9767,6;9706,1;127.53M;0,12%;;
137;13.04.2018;9767,3;9764;9858,9;9744,4;137.08M;0,21%;;
136;16.04.2018;9766,1;9768,7;9796,5;9747,3;100.40M;-0,01%;;
135;17.04.2018;9803,9;9785,4;9824,4;9762,3;112.40M;0,39%;;
134;18.04.2018;9857,3;9814,5;9871,3;9800,3;146.90M;0,54%;;
133;19.04.2018;9868;9861,8;9902,7;9838,8;120.80M;0,11%;;
132;20.04.2018;9884,2;9864,4;9908;9847,1;139.38M;0,16%;;
131;23.04.2018;9922;9898,6;9922;9862,6;118.07M;0,38%;;
130;24.04.2018;9883,4;9922,7;9939,4;9848,4;188.82M;-0,39%;;
129;25.04.2018;9858;9829,2;9858,4;9793;161.12M;-0,26%;;
128;26.04.2018;9902,3;9871,5;9914,7;9856,7;131.27M;0,45%;;
127;27.04.2018;9925,4;9894,2;9947,3;9883,8;139.09M;0,23%;;
126;30.04.2018;9980,6;9924;9995,4;9916,1;142.92M;0,56%;;
125;02.05.2018;10088,9;9982,6;10098,9;9981,4;157.39M;1,09%;;
124;03.05.2018;10038,8;10080,7;10095,2;10017,6;140.96M;-0,50%;;
123;04.05.2018;10104,1;10047,1;10104,1;10029,4;162.05M;0,65%;;
122;07.05.2018;10140,9;10114,2;10148,6;10106,3;89.76M;0,36%;;
121;08.05.2018;10168,1;10135,1;10180,5;10091,9;177.96M;0,27%;;
120;09.05.2018;10221,2;10163,7;10222,7;10138,9;133.26M;0,52%;;
119;10.05.2018;10246,6;10243,3;10257,1;10191,1;116.75M;0,25%;;
118;11.05.2018;10271,4;10245,2;10284,5;10242,1;120.33M;0,24%;;
117;14.05.2018;10257,8;10277,2;10291,4;10215,3;108.96M;-0,13%;;
116;15.05.2018;10207,6;10237,9;10265;10159,1;152.74M;-0,49%;;
115;16.05.2018;10111;10189,8;10194,2;10089,8;212.00M;-0,95%;;
114;17.05.2018;10216,4;10120,8;10216,4;10108,5;153.62M;1,04%;;
113;18.05.2018;10112,4;10209,3;10221;10088,4;249.55M;-1,02%;;
112;21.05.2018;10066,5;10155,2;10155,9;10055,8;110.38M;-0,45%;;
111;22.05.2018;10138,8;10081,5;10156,4;10060,8;145.40M;0,72%;;
110;23.05.2018;10025;10101,8;10101,8;9957,8;157.92M;-1,12%;;
109;24.05.2018;9996;10045,5;10092,5;9964;155.88M;-0,29%;;
108;25.05.2018;9826,5;10031;10053,1;9722,8;298.27M;-1,70%;;
107;28.05.2018;9764,4;9891,4;9921,4;9732,6;155.74M;-0,63%;;
106;29.05.2018;9521,3;9668,4;9668,4;9447,6;364.03M;-2,49%;;
105;30.05.2018;9566,2;9553;9618,3;9477,2;283.88M;0,47%;;
104;31.05.2018;9465,5;9625,1;9649;9400,3;355.89M;-1,05%;;
103;01.06.2018;9632,4;9544,7;9677,5;9529;238.95M;1,76%;;
102;04.06.2018;9750,3;9716,3;9830,7;9686,8;193.67M;1,22%;;
101;05.06.2018;9686,4;9730,6;9812,9;9686,4;183.42M;-0,66%;;
100;06.06.2018;9791,6;9702,7;9793,8;9654,4;202.43M;1,09%;;
99;07.06.2018;9829;9844,2;9940,6;9814,8;190.78M;0,38%;;
98;08.06.2018;9746,3;9762,7;9772,2;9713,2;176.05M;-0,84%;;
97;11.06.2018;9898,3;9835;9915,2;9799,1;199.95M;1,56%;;
96;12.06.2018;9914,4;9940,6;9961,6;9901,6;158.18M;0,16%;;
95;13.06.2018;9899,1;9900,2;9923,9;9838,3;172.85M;-0,15%;;
94;14.06.2018;9957,7;9862,4;9973,9;9836,5;180.25M;0,59%;;
93;15.06.2018;9851;9980,1;9985,9;9798,9;377.07M;-1,07%;;
92;18.06.2018;9769,4;9818;9859,5;9717;145.64M;-0,83%;;
91;19.06.2018;9755,4;9656,6;9782,6;9598,5;172.89M;-0,14%;;
90;20.06.2018;9788,9;9835;9876,8;9788,9;164.70M;0,34%;;
89;21.06.2018;9702,1;9824,4;9844;9683,4;161.70M;-0,89%;;
88;22.06.2018;9792,1;9738,9;9799,5;9724,9;155.31M;0,93%;;
87;25.06.2018;9617,9;9711,4;9737,9;9617,9;151.25M;-1,78%;;
86;26.06.2018;9637,4;9670,3;9699,8;9619,1;158.75M;0,20%;;
85;27.06.2018;9658,6;9636,6;9723,9;9506,6;182.58M;0,22%;;
84;28.06.2018;9589;9603,6;9669,2;9541,9;144.70M;-0,72%;;
83;29.06.2018;9622,7;9671,1;9741,3;9620,3;200.36M;0,35%;;
82;02.07.2018;9558,3;9526,3;9591;9443,5;153.11M;-0,67%;;
81;03.07.2018;9660,9;9591,6;9693,4;9556,1;134.42M;1,07%;;
80;04.07.2018;9757,5;9643,8;9767,2;9642,8;137.32M;1,00%;;
79;05.07.2018;9866,2;9773,5;9919,5;9773,5;184.52M;1,11%;;
78;06.07.2018;9905;9905;9926,9;9833,2;166.58M;0,39%;;
77;09.07.2018;9927;9923,5;9971,6;9912,7;130.08M;0,22%;;
76;10.07.2018;9889,3;9935,6;9938;9873,3;147.68M;-0,38%;;
75;11.07.2018;9733,6;9822,5;9833,4;9733,6;175.89M;-1,57%;;
74;12.07.2018;9767,4;9774,8;9784,8;9694,4;128.90M;0,35%;;
73;13.07.2018;9734,8;9807,5;9807,5;9717,6;132.53M;-0,33%;;
72;16.07.2018;9716,9;9733,6;9781,1;9697,1;113.17M;-0,18%;;
71;17.07.2018;9719,4;9716,4;9759,5;9643,9;175.05M;0,03%;;
70;18.07.2018;9753,2;9739,1;9753,2;9672,7;143.48M;0,35%;;
69;19.07.2018;9721,1;9748,9;9796,7;9696,2;147.19M;-0,33%;;
68;20.07.2018;9724,8;9710,4;9751,3;9654,3;162.18M;0,04%;;
67;23.07.2018;9726,1;9699,7;9747,6;9661,4;116.98M;0,01%;;
66;24.07.2018;9773,1;9775,9;9820,1;9753,9;160.66M;0,48%;;
65;25.07.2018;9703,1;9769,8;9771,7;9686,2;149.29M;-0,72%;;
64;26.07.2018;9780;9741,2;9789,7;9732,5;184.76M;0,79%;;
63;27.07.2018;9867,9;9781,6;9896;9775,9;230.69M;0,90%;;
62;30.07.2018;9854,1;9827,9;9905,3;9825,1;140.60M;-0,14%;;
61;31.07.2018;9870,7;9846,2;9924,4;9843,5;203.08M;0,17%;;
60;01.08.2018;9799,3;9871,1;9902,3;9795,1;136.28M;-0,72%;;
59;02.08.2018;9698,2;9765,9;9783,8;9666,6;196.96M;-1,03%;;
58;03.08.2018;9739,8;9710,3;9762,7;9671,2;146.43M;0,43%;;
57;06.08.2018;9722,7;9758,4;9788,4;9699,3;114.09M;-0,18%;;
56;07.08.2018;9772,8;9751,8;9813,6;9743,4;101.97M;0,52%;;
55;08.08.2018;9747,1;9763,9;9794;9700,4;107.99M;-0,26%;;
54;09.08.2018;9754,6;9745,2;9756,7;9693,2;108.33M;0,08%;;
53;10.08.2018;9602,1;9669,6;9675,6;9557,4;224.94M;-1,56%;;
52;13.08.2018;9530,4;9543,8;9558,4;9475,1;177.47M;-0,75%;;
51;14.08.2018;9507;9574,8;9596,3;9476,9;164.12M;-0,25%;;
50;15.08.2018;9386,8;9537;9547,6;9339,5;163.61M;-1,26%;;
49;16.08.2018;9427,4;9440,8;9458,9;9384,7;138.15M;0,43%;;
48;17.08.2018;9417,3;9450,3;9457;9357,6;141.12M;-0,11%;;
47;20.08.2018;9468,6;9448,9;9512,5;9437,1;95.32M;0,54%;;
46;21.08.2018;9549;9465,9;9591;9459,4;110.66M;0,85%;;
45;22.08.2018;9580,2;9535,5;9595,4;9512,4;114.12M;0,33%;;
44;23.08.2018;9567,3;9592,5;9630,2;9556,2;93.56M;-0,13%;;
43;24.08.2018;9589,5;9559,7;9625,8;9559,7;99.42M;0,23%;;
42;27.08.2018;9659,8;9631,6;9662,7;9596,2;79.60M;0,73%;;
41;28.08.2018;9606,5;9667,6;9671,1;9598,4;114.91M;-0,55%;;
40;29.08.2018;9569,5;9585,7;9597,1;9502,3;104.42M;-0,39%;;
39;30.08.2018;9467,6;9546,1;9574,1;9445,1;144.31M;-1,06%;;
38;31.08.2018;9399,1;9466,3;9470,6;9375,1;172.66M;-0,72%;;
37;03.09.2018;9376,1;9387,7;9421,6;9356,1;89.35M;-0,24%;;
36;04.09.2018;9376,3;9414,7;9436,1;9308,7;159.84M;0,00%;;
35;05.09.2018;9301,3;9353,2;9377,6;9301,3;180.70M;-0,80%;;
34;06.09.2018;9208,7;9267,7;9291,8;9208,2;160.95M;-1,00%;;
33;07.09.2018;9171,2;9209,2;9237,9;9111,1;162.08M;-0,41%;;
32;10.09.2018;9270,8;9173;9300,9;9161;144.74M;1,09%;;
31;11.09.2018;9284,1;9301,1;9302,5;9211,8;122.17M;0,14%;;
30;12.09.2018;9306,8;9286,5;9319,7;9248,7;130.32M;0,24%;;
29;13.09.2018;9329,2;9308;9387,1;9296,7;159.38M;0,24%;;
28;14.09.2018;9365,3;9359,4;9378,3;9324,2;132.23M;0,39%;;
27;17.09.2018;9404,6;9350,3;9434,4;9349,9;147.15M;0,42%;;
26;18.09.2018;9447,5;9406,7;9453,6;9385,8;141.91M;0,46%;;
25;19.09.2018;9486,3;9464,4;9502,9;9422,4;205.65M;0,41%;;
24;20.09.2018;9583,7;9489,5;9607;9488,3;232.06M;1,03%;;
23;21.09.2018;9590,4;9614,3;9665,4;9563,3;408.47M;0,07%;;
22;24.09.2018;9512,8;9549,9;9586;9499,9;142.11M;-0,81%;;
21;25.09.2018;9493,6;9524,8;9568;9480,4;141.86M;-0,20%;;
20;26.09.2018;9524,8;9519,6;9530,3;9471,1;136.92M;0,33%;;
19;27.09.2018;9527,5;9492,5;9542,8;9406,8;151.51M;0,03%;;
18;28.09.2018;9389,2;9468;9468,9;9299,6;243.63M;-1,45%;;
17;01.10.2018;9407;9384,3;9475,2;9367,6;155.28M;0,19%;;
16;02.10.2018;9305,5;9349,1;9356,1;9285,1;187.25M;-1,08%;;
15;03.10.2018;9361,1;9360,6;9424,7;9300,8;156.82M;0,60%;;
14;04.10.2018;9314,5;9349;9378,7;9304,7;170.70M;-0,50%;;
13;05.10.2018;9253,9;9318,1;9318,1;9239,9;133.29M;-0,65%;;
12;08.10.2018;9199,2;9227,1;9243;9167,4;140.67M;-0,59%;;
11;09.10.2018;9260,5;9231,7;9283,3;9136,2;171.34M;0,67%;;
10;10.10.2018;9162,9;9243,2;9273;9158,8;177.15M;-1,05%;;
9;11.10.2018;9007,9;9018,4;9121;8970,8;238.99M;-1,69%;;
8;12.10.2018;8902;9094,7;9098,1;8897,5;168.95M;-1,18%;;
7;15.10.2018;8923,7;8883,1;8936,5;8849,4;169.65M;0,24%;;
6;16.10.2018;9074,7;8967,8;9096,8;8934;200.18M;1,69%;;
5;17.10.2018;8997,2;9113,4;9140,3;8967,1;185.71M;-0,85%;;
4;18.10.2018;8889,6;8970,7;9063,8;8887,9;313.57M;-1,20%;;
3;19.10.2018;8892,1;8874,7;8960,2;8768,6;349.74M;0,03%;;
2;22.10.2018;8806,50;8997,7;9013,1;8796,3;197.33M;-0,96%;;
1;23.10.2018;8726,1;8715,4;8781,9;8681,7;249.66M;-0,91%;;
